도로명,색상,도로 길이,시작지점,종착지점,경유 행정구역,좌표데이터
"고송대로","#7777aa","16303m","효빈광역시 북구 고송1동(고송동)","효빈광역시 북구 채산동(곡진동)","효빈광역시 북구 고송1동(고송동) | 효빈광역시 북구 고송4동(고송동) | 효빈광역시 북구 고송5동(고송동) | 효빈광역시 북구 고송8동(고송동) | 효빈광역시 북구 청능동 | 효빈광역시 북구 청능동(입선동) | 효빈광역시 북구 청능동(입희동) | 효빈광역시 북구 산고동(서도동) | 효빈광역시 북구 중수4동(중수동) | 효빈광역시 북구 중수2동(중수동) | 효빈광역시 북구 채산동(평전동) | 효빈광역시 북구 채산동(아자동) | 효빈광역시 북구 채산동(곡진동) | 효빈광역시 북구 고송3동(고송동) | 효빈광역시 북구 산고동(추산동) | 효빈광역시 북구 중수3동(중수동) | 효빈광역시 북구 채산동(등기동)","[-22796,15394]; [-23124,15436]; [-23439,15845]; [-23951,16767]; [-24652,18028]; [-25088,18771]; [-25322,19198]; [-25794,20732]; [-26164,21838]; [-26167,23957]; [-26158,25091]; [-26155,26677]; [-26173,28177]; [-26110,28617]; [-26031,28626]; [-26019,30005]; [-26016,30602]"
"고중로","#7777aa","11302m","효빈광역시 북구 고송1동(고송동)","효빈광역시 청엽구 입빈동(입동1가)","효빈광역시 북구 고송1동(고송동) | 효빈광역시 서구 청덕2동(청덕동) | 효빈광역시 서구 과진7동(과진동) | 효빈광역시 서구 과진3동(과진동) | 효빈광역시 서구 당선3동(당선동) | 효빈광역시 서구 당선4동(당선동) | 효빈광역시 서구 북성동(북문동1가) | 효빈광역시 중구 조유동(조유동1가) | 효빈광역시 중구 중앙동(소장동1가) | 효빈광역시 중구 중앙동(소장동2가) | 효빈광역시 중구 중앙동(중앙로1가) | 효빈광역시 중구 중앙동(중앙로2가) | 효빈광역시 중구 중앙동(창선동3가) | 효빈광역시 중구 중앙동(창선동1가) | 효빈광역시 중구 약맥동(목동) | 효빈광역시 청엽구 입빈동(입동2가) | 효빈광역시 청엽구 입빈동(입동1가) | 효빈광역시 서구 청덕3동(청덕동) | 효빈광역시 서구 과진5동(과진동) | 효빈광역시 중구 약맥동(오주동) | 효빈광역시 청엽구 입빈동(입동3가)","[-23176,15255]; [-24396,15278]; [-24904,15852]; [-25223,16697]; [-25271,16748]; [-26388,16753]; [-26774,16309]; [-27766,16328]; [-28740,17194]; [-28825,17198]; [-28899,17116]; [-28883,16918]; [-29319,16534]; [-29473,16401]; [-29696,16201]; [-29910,16155]; [-30029,16176]; [-30190,16325]; [-30241,16419]; [-31343,16383]; [-32111,16385]; [-32437,16383]"
"효빈로","#7777aa","14627m","효빈광역시 서구 청덕2동(청덕동)","효빈광역시 동구 덕현9동(덕현동)","효빈광역시 서구 청덕2동(청덕동) | 효빈광역시 서구 청덕3동(청덕동) | 효빈광역시 북구 고송4동(고송동) | 효빈광역시 북구 고송5동(고송동) | 효빈광역시 북구 고송8동(고송동) | 효빈광역시 북구 고송7동(고송동) | 효빈광역시 북구 진희동 | 효빈광역시 북구 포산동 | 효빈광역시 북구 중수1동(중수동) | 효빈광역시 북구 중수4동(중수동) | 효빈광역시 북구 오내1동(오내동) | 효빈광역시 북구 오내2동(오내동) | 효빈광역시 동구 덕현9동(덕현동) | 효빈광역시 북구 산고동(추산동) | 효빈광역시 북구 남전동","[-24590,14354]; [-24568,16099]; [-24577,17144]; [-24577,17995]; [-24576,18927]; [-24567,20083]; [-24570,20891]; [-24815,21373]; [-24837,21884]; [-24815,23062]; [-24811,23686]; [-24935,24327]; [-25044,24697]; [-25162,24897]; [-25567,25009]; [-25805,25131]; [-26004,25085]; [-26302,24832]; [-26536,24479]; [-26728,24248]; [-27172,24188]; [-27874,24194]; [-28682,24206]"
"요소로","#7777aa","7493m","효빈광역시 중구 조유동(조유동1가)","효빈광역시 북구 고송7동(고송동)","효빈광역시 중구 조유동(조유동1가) | 효빈광역시 서구 북성동(내성동1가) | 효빈광역시 서구 북성동(내성동2가) | 효빈광역시 북구 사능1동(사능동1가) | 효빈광역시 북구 사능2동(사능동2가) | 효빈광역시 북구 사능1동(생곡동) | 효빈광역시 북구 천왕사동(해서동) | 효빈광역시 북구 천왕사동 | 효빈광역시 북구 청능동 | 효빈광역시 북구 고송7동(고송동) | 효빈광역시 서구 북성동(북문동2가) | 효빈광역시 북구 사능1동(사능동2가)","[-28808,17207]; [-28556,17487]; [-28392,17728]; [-28392,18478]; [-28387,19396]; [-28390,19956]; [-27670,20006]; [-26446,20012]; [-25782,19525]; [-23954,19532]"
"당선로","#7777aa","15187m","효빈광역시 서구 당선4동(당선동)","효빈광역시 안천구 안천1동(무로동)","효빈광역시 서구 당선4동(당선동) | 효빈광역시 서구 당선1동(당선동) | 효빈광역시 북구 소조동 | 효빈광역시 북구 사능2동(사능동2가) | 효빈광역시 북구 천왕사동(해서동) | 효빈광역시 북구 오내2동(오내동) | 효빈광역시 북구 채산동 | 효빈광역시 북구 채산동(실본동) | 효빈광역시 북구 채산동(수포동) | 효빈광역시 안천구 당가1동(당가동) | 효빈광역시 안천구 당가2동(당가동) | 효빈광역시 안천구 안천1동(무로동) | 효빈광역시 북구 채산동(신영동)","[-27519,16106]; [-27519,16857]; [-27521,16982]; [-27585,17238]; [-27580,17970]; [-27716,18704]; [-27725,18984]; [-27725,19100]; [-27846,19398]; [-27913,20607]; [-27999,22018]; [-28055,22855]; [-28016,23288]; [-28026,24204]; [-28018,26090]; [-28036,26920]; [-28043,28171]; [-28063,29772]; [-28082,30126]; [-28137,30727]; [-28137,31237]"
"중탄로","#7777aa","27785m","효빈광역시 동구 전천동","효빈광역시 탄성군 야진읍 신리","효빈광역시 동구 전천동 | 효빈광역시 북구 천왕사동 | 효빈광역시 북구 청능동(입희동) | 효빈광역시 북구 산고동(추산동) | 효빈광역시 북구 중수1동(중수동) | 효빈광역시 북구 중수2동(중수동) | 효빈광역시 북구 채산동(등기동) | 효빈광역시 북구 채산동(평전동) | 효빈광역시 안천구 당가2동(당가동) | 효빈광역시 안천구 뇌전동(하가동) | 효빈광역시 탄성군 흑택면 루비리 | 효빈광역시 탄성군 흑택면 명현리 | 효빈광역시 탄성군 흑택면 보습리 | 효빈광역시 탄성군 탄성읍 탄성리 | 효빈광역시 탄성군 표명리 | 효빈광역시 탄성군 탄성읍 공리 | 효빈광역시 탄성군 야진읍 신리 | 효빈광역시 북구 천왕사동(해서동) | 효빈광역시 북구 산고동(서도동) | 효빈광역시 북구 중수3동(중수동) | 효빈광역시 북구 채산동(아진동) | 효빈광역시 안천구 당가1동(당가동) | 효빈광역시 안천구 뇌전동(상가동) | 효빈광역시 탄성군 흑택면 흑택리 | 효빈광역시 탄성군 흑택면 은염리 | 효빈광역시 탄성군 탄성읍 신리","[-28403,21034]; [-27409,21190]; [-26707,21391]; [-26207,21885]; [-25765,22607]; [-25713,24576]; [-25726,26700]; [-25719,27019]; [-26194,28240]; [-26486,29040]; [-26681,29267]; [-26908,29300]; [-27532,29878]; [-29358,29845]; [-31691,29819]; [-33348,29832]; [-34069,30040]; [-34316,30430]; [-35154,30333]; [-36045,31236]; [-36045,32919]; [-36045,34452]; [-36053,34466]; [-36032,35372]; [-35517,36263]; [-35002,36827]; [-34702,37697]; [-34653,38248]"
"중수로","#7777aa","11425m","효빈광역시 북구 포산동","효빈광역시 창전구 창전2동(창전동)","효빈광역시 북구 포산동 | 효빈광역시 북구 중수1동(중수동) | 효빈광역시 북구 중수4동(중수동) | 효빈광역시 동구 덕현7동(덕현동) | 효빈광역시 청엽구 우택동 | 효빈광역시 창전구 유류동 | 효빈광역시 창전구 창전2동(창전동) | 효빈광역시 북구 남전동 | 효빈광역시 동구 덕현11동(덕현동) | 효빈광역시 청엽구 청엽3동(청엽동) | 효빈광역시 창전구 창전1동(창전동)","[-23724,23549]; [-24030,23945]; [-24361,24316]; [-24439,24491]; [-24861,24569]; [-27071,24569]; [-28689,24569]; [-30833,24608]; [-32821,24595]; [-34667,24595]"
"중수중앙로","#7777aa","2138m","효빈광역시 북구 중수1동(중수동)","효빈광역시 북구 채산동(등기동)","효빈광역시 북구 중수1동(중수동) | 효빈광역시 북구 채산동(등기동) | 효빈광역시 북구 중수3동(중수동)","[-25856,25141]; [-25856,27279]"
"모포로","#7777aa","10854m","효빈광역시 북구 중수1동(중수동)","효빈광역시 창전구 창전4동(창전동)","효빈광역시 북구 중수1동(중수동) | 효빈광역시 안천구 북택동 | 효빈광역시 창전구 진백동 | 효빈광역시 창전구 창전4동(창전동) | 효빈광역시 북구 중수3동(중수동) | 효빈광역시 청엽구 우택동 | 효빈광역시 창전구 칠심1동(칠심동)","[-24634,25641]; [-28689,25628]; [-28702,25576]; [-32042,25563]; [-35447,25544]"
"내성로","#7777aa","1025m","효빈광역시 서구 북성동(북문동1가)","효빈광역시 서구 북성동(내성동2가)","효빈광역시 서구 북성동(북문동1가) | 효빈광역시 서구 북성동(내성동2가) | 효빈광역시 서구 북성동(북문동2가)","[-28221,16742]; [-28213,17767]"
"주촌로","#7777aa","2397m","효빈광역시 서구 당선3동(당선동)","효빈광역시 서구 북성동(북문동1가)","효빈광역시 서구 당선3동(당선동) | 효빈광역시 서구 당선4동(당선동) | 효빈광역시 서구 당선1동(당선동) | 효빈광역시 서구 북성동(북문동1가)","[-26401,16762]; [-26491,16893]; [-27469,16883]; [-27488,16911]; [-27734,17090]; [-28656,17113]"
"송진로","#7777aa","3111m","효빈광역시 서구 당선3동(당선동)","효빈광역시 북구 고송1동(고송동)","효빈광역시 서구 당선3동(당선동) | 효빈광역시 북구 고송1동(고송동) | 효빈광역시 서구 과진7동(과진동)","[-26519,15801]; [-23408,15792]"
"고송해안로","#7777aa","9042m","효빈광역시 서구 청덕3동(청덕동)","효빈광역시 북구 포산동","효빈광역시 서구 청덕3동(청덕동) | 효빈광역시 북구 고송2동(고송동) | 효빈광역시 북구 고송6동(고송동) | 효빈광역시 고송6동(고송동) | 효빈광역시 북구 고송7동(고송동) | 효빈광역시 북구 진희동 | 효빈광역시 북구 포산동 | 효빈광역시 포산동 | 효빈광역시 북구 고송3동(고송동) | 효빈광역시 북구(진희동)","[-23590,14781]; [-23594,17155]; [-23569,18361]; [-23656,18903]; [-23686,19236]; [-23769,19376]; [-23849,19470]; [-23943,19532]; [-23987,20252]; [-23950,21285]; [-23808,21639]; [-23695,22193]; [-23558,22462]; [-23535,22707]; [-23491,22864]; [-23479,23123]; [-23502,23332]; [-23509,23387]; [-23702,23532]"
"토모리로","#7777aa","3164m","효빈광역시 북구 고송1동(고송동)","효빈광역시 북구 고송6동(고송동)","효빈광역시 북구 고송1동(고송동) | 효빈광역시 북구 고송2동(고송동) | 효빈광역시 북구 고송6동(고송동)","[-22084,15692]; [-21983,16003]; [-21997,16156]; [-22155,16213]; [-22557,16778]; [-23097,17423]; [-23422,17867]; [-23552,18277]"
"고송중앙로","#7777aa","2702m","효빈광역시 북구 고송1동(고송동)","효빈광역시 서구 과진3동(과진동)","효빈광역시 북구 고송1동(고송동) | 효빈광역시 서구 과진3동(과진동) | 효빈광역시 북구 고송3동(고송동)","[-22562,16756]; [-25264,16750]"
"칠라로","#7777aa","2684m","효빈광역시 북구 고송3동(고송동)","효빈광역시 서구 과진5동(과진동)","효빈광역시 북구 고송3동(고송동) | 효빈광역시 서구 과진5동(과진동) | 효빈광역시 서구 과진3동(과진동)","[-23708,16309]; [-26392,16326]"
"노현로","#7777aa","9319m","효빈광역시 서구 청덕1동(청덕동)","효빈광역시 북구 청능동(입희동)","효빈광역시 서구 청덕1동(청덕동) | 효빈광역시 서구 과진6동(과진동) | 효빈광역시 서구 당선3동(당선동) | 효빈광역시 북구 소조동 | 효빈광역시 북구 청능동(입선동) | 효빈광역시 북구 청능동(입희동) | 효빈광역시 서구(과진동) | 효빈광역시 서구 당선2동(당선동) | 효빈광역시 북구 청능동","[-25481,13062]; [-25597,13062]; [-26010,13823]; [-26251,14552]; [-26395,15271]; [-26401,17084]; [-26381,18888]; [-26398,20031]; [-26378,22107]"
"앵소로","#7777aa","17054m","효빈광역시 안천구 당가1동(당가동)","효빈광역시 청엽구 등동","효빈광역시 안천구 당가1동(당가동) | 효빈광역시 안천구 뇌전동(세익동) | 효빈광역시 안천구 뇌전동 | 효빈광역시 안천구 뇌전동(치장동) | 효빈광역시 안천구 북택동(하구동) | 효빈광역시 동구 덕현11동(덕현동) | 효빈광역시 동구 덕현5동(덕현동) | 효빈광역시 동구 덕현2동(덕현동) | 효빈광역시 동구 사가당2동(사가당동) | 효빈광역시 청엽구 비마리동(사노동) | 효빈광역시 청엽구 입빈동(효빈동1가) | 효빈광역시 청엽구 입빈동(입동2가) | 효빈광역시 청엽구 등동 | 효빈광역시 안천구 북택동 | 효빈광역시 동구 덕현7동(덕현동) | 효빈광역시 동구 덕현9동(덕현동) | 효빈광역시 청엽구 동리동","[-28236,29788]; [-28724,28560]; [-28740,28068]; [-28848,28020]; [-29084,28020]; [-29332,28016]; [-29328,26320]; [-29288,24616]; [-29260,23568]; [-29290,23333]; [-29767,23311]; [-29947,22878]; [-29947,21975]; [-29969,21564]; [-30424,21004]; [-30559,20863]; [-31708,20870]; [-31693,17392]; [-31693,16884]; [-32410,16907]; [-32455,16824]; [-33283,16810]"
"효빈역전로","#7777aa","4289m","효빈광역시 중구 내조1동(내조동)","효빈광역시 동구 덕현5동(덕현동)","효빈광역시 중구 내조1동(내조동) | 효빈광역시 동구 사가당1동(사가당동) | 효빈광역시 동구 덕현1동(덕현동) | 효빈광역시 동구 덕현3동(덕현동) | 효빈광역시 동구 덕현5동(덕현동) | 효빈광역시 동구 덕현2동(덕현동) | 효빈광역시 동구 전천동","[-29711,19168]; [-29720,20001]; [-29702,20409]; [-29522,20800]; [-29491,20938]; [-29594,21110]; [-29657,21268]; [-29426,22036]; [-29371,22597]; [-29282,23331]"
"역사로","#7777aa","1391m","효빈광역시 북구 사능1동(생곡동)","효빈광역시 동구 사가당1동(사가당동)","효빈광역시 북구 사능1동(생곡동) | 효빈광역시 북구 사능1동(사능동3가) | 효빈광역시 북구 사능1동(치남동) | 효빈광역시 동구(사가당동) | 효빈광역시 동구 사가당1동(사가당동)","[-28386,19953]; [-28807,19905]; [-28963,19899]; [-29354,19977]; [-29635,20106]; [-29707,20180]"
"에이치스코로","#7777aa","1649m","효빈광역시 북구 천왕사동(해서동)","효빈광역시 동구 덕현1동(덕현동)","효빈광역시 북구 천왕사동(해서동) | 효빈광역시 북구 사능1동(생곡동) | 효빈광역시 동구 덕현1동(덕현동)","[-27914,20647]; [-28617,20642]; [-29095,20634]; [-29307,20672]; [-29518,20810]"
"효빈대학로","#7777aa","6359m","효빈광역시 서구 사복1동(사복동)","효빈광역시 동구 사가당1동(사가당동)","효빈광역시 서구 사복1동(사복동) | 효빈광역시 서구 당선2동(당선동) | 효빈광역시 서구 당선1동(당선동) | 효빈광역시 서구 당선4동(칠천동) | 효빈광역시 서구 북성동(내성동2가) | 효빈광역시 북구 사능1동(사능동1가) | 효빈광역시 북구 사능1동(사능동2가) | 효빈광역시 북구 사능1동(사능동3가) | 효빈광역시 북구 사능1동(치남동) | 효빈광역시 동구 사가당1동(사가당동) | 효빈광역시 서구 당선2동(사복동)","[-25261,18019]; [-27065,18022]; [-27625,18043]; [-27947,17928]; [-28171,17788]; [-28280,17764]; [-28550,18010]; [-28659,18398]; [-28677,19383]; [-28811,19859]; [-28981,20038]; [-29378,20311]; [-29641,20456]"
"덕성로","#7777aa","2520m","효빈광역시 중구 신덕동","효빈광역시 동구 덕현2동(덕현동)","효빈광역시 중구 신덕동 | 효빈광역시 동구 사가당1동(사가당동) | 효빈광역시 동구 덕현2동(덕현동)","[-30533,19150]; [-30251,19856]; [-30011,20444]; [-29935,21029]; [-29957,21563]"
"붕우로","#7777aa","6145m","효빈광역시 북구 사능1동(사능동2가)","효빈광역시 청엽구 마잡2동(헌이송동)","효빈광역시 북구 사능1동(사능동2가) | 효빈광역시 청엽구 동리동 | 효빈광역시 청엽구 마잡1동(마잡동) | 효빈광역시 청엽구 마잡2동(마잡동) | 효빈광역시 청엽구 마잡2동(헌이송동) | 효빈광역시 중구 내조2동(내조동)","[-28644,19180]; [-31200,19159]; [-32451,19165]; [-33700,19177]; [-34789,19168]"
"중앙로","#7777aa","13132m","효빈광역시 중구 내조1동(내조동)","효빈광역시 남구 어간3동(어간동)","효빈광역시 중구 내조1동(내조동) | 효빈광역시 중구 조유동(조유동2가) | 효빈광역시 중구 조유동(조유동4가) | 효빈광역시 중구 중앙동(중앙로5가) | 효빈광역시 중구 중앙동(지유동1가) | 효빈광역시 중구 중앙동(창선동3가) | 효빈광역시 중구 약맥동(삼각동) | 효빈광역시 중구 약맥동(일향동) | 효빈광역시 중구 약맥동 | 효빈광역시 중구 고도동(십덕동) | 효빈광역시 남구 월천동 | 효빈광역시 남구 항1동(항동1가) | 효빈광역시 남구 어간3동(운양동) | 효빈광역시 남구 어간3동(어간동) | 효빈광역시 중구 조유동(천석동3가) | 효빈광역시 중구 중앙동(중앙로6가) | 효빈광역시 중구 중앙동(창선동1가) | 효빈광역시 중구 내항동(명일동)","[-29568,19160]; [-29520,18104]; [-29378,17498]; [-29612,17096]; [-29744,16908]; [-30006,16722]; [-30354,16212]; [-30628,15800]; [-30702,15344]; [-30780,15136]; [-30930,13844]; [-30984,13708]; [-31208,13408]; [-31218,12736]; [-31636,12318]; [-32164,11690]; [-32234,11552]; [-32244,9694]; [-32246,6972]"
"성설로","#7777aa","6371m","효빈광역시 중구 내조1동(내조동)","효빈광역시 창전구 동곡동","효빈광역시 중구 내조1동(내조동) | 효빈광역시 북구 사능1동(사능동2가) | 효빈광역시(내조동) | 효빈광역시 사가당1동(사가당동) | 효빈광역시 중구 내조2동(내조동) | 효빈광역시 중구 신덕동 | 효빈광역시 청엽구 동리동 | 효빈광역시 청엽구 마잡2동(마잡동) | 효빈광역시 창전구 동곡동 | 효빈광역시 청엽구 동리동(사노동) | 효빈광역시 청엽구 마잡1동(마잡동)","[-29101,19164]; [-29283,19558]; [-29398,19787]; [-29501,19865]; [-29663,19867]; [-29862,19787]; [-30076,19728]; [-30558,19701]; [-31941,19691]; [-33896,19684]; [-35028,19689]"
"중보로","#7777aa","8226m","효빈광역시 중구 내조2동(내조동)","효빈광역시 중구 내항동(명일동)","효빈광역시 중구 내조2동(내조동) | 효빈광역시 중구 궁영동(궁정동) | 효빈광역시 중구 유내동 | 효빈광역시 중구 유내동(경동) | 효빈광역시 중구 중정동(완동3가) | 효빈광역시 중구 중정동(중보로) | 효빈광역시 중구 중정동(중동3가) | 효빈광역시 중구 중앙동(지유동1가) | 효빈광역시 중구 중앙동(훈동) | 효빈광역시 중구 중앙동(심동1가) | 효빈광역시 중구 고도동(우이동) | 효빈광역시 중구 고도동 | 효빈광역시 중구 내항동 | 효빈광역시 중구 내항동(명일동) | 효빈광역시 중구 신덕동 | 효빈광역시 중구 유내동(리사동) | 효빈광역시 중구 중앙동(심동2가)","[-29900,19751]; [-30031,19558]; [-30226,19135]; [-30260,18623]; [-30363,18109]; [-30357,17746]; [-30400,17592]; [-30447,17393]; [-30151,17446]; [-29993,17468]; [-29988,16615]; [-29958,16169]; [-30188,15719]; [-30393,15346]; [-30413,14021]; [-30411,13453]; [-30533,13026]; [-31015,12851]; [-31206,12739]"
"상서로","#7777aa","1827m","효빈광역시 북구 사능1동(사능동1가)","효빈광역시 중구 유내동(경동)","효빈광역시 북구 사능1동(사능동1가) | 효빈광역시 중구 조유동(조유동5가) | 효빈광역시 중구 중정동(중동2가) | 효빈광역시 중구 유내동(경동) | 효빈광역시 중구 조유동(조유동2가)","[-28585,18116]; [-28868,18002]; [-29942,17879]; [-30323,17761]; [-30362,17746]"
"산업대로","#7777aa","3654m","효빈광역시 중구 중정동(완동3가)","효빈광역시 청엽구 마잡2동(헌이송동)","효빈광역시 중구 중정동(완동3가) | 효빈광역시 청엽구 입빈동(효빈동1가) | 효빈광역시 청엽구 등동 | 효빈광역시 청엽구 마잡2동(헌이송동)","[-30457,17394]; [-32430,17382]; [-32445,17594]; [-33913,17594]"
"효빈공단로","#7777aa","37455m","효빈광역시 남구 어간3동(어간동)","효빈광역시 탄성군 야진읍 원심리","효빈광역시 남구 어간3동(어간동) | 효빈광역시 남구 어간3동(운양동) | 효빈광역시 남구 월천동(박산동) | 효빈광역시 남구 월천동(신흥동) | 효빈광역시 청엽구 입빈동(입동2가) | 효빈광역시 청엽구 입빈동(효빈동2가) | 효빈광역시 청엽구 비마리동(비마동) | 효빈광역시 청엽구 우전2동(우전동) | 효빈광역시 청엽구 우전3동(우전동) | 효빈광역시 창전구 유류동 | 효빈광역시 창전구 창전1동(창전동) | 효빈광역시 창전구 창전3동(창전동) | 효빈광역시 창전구 광정동(생덕동) | 효빈광역시 탄성군 탄성읍 고무리 | 효빈광역시 탄성군 탄성읍 탄성리 | 효빈광역시 탄성군 탄성읍 미성리 | 효빈광역시 탄성군 탄성읍 공리 | 효빈광역시 탄성군 야진읍 야진리 | 효빈광역시 탄성군 야진읍 신리 | 효빈광역시 탄성군 야진읍 미우리 | 효빈광역시 탄성군 야진읍 원심리 | 효빈광역시 청엽구 입빈동(입동1가) | 효빈광역시 청엽구 등동 | 효빈광역시 청엽구 마잡1동(마잡동) | 효빈광역시 청엽구 청엽1동(청엽동) | 효빈광역시 창전구 유류동(창전동) | 효빈광역시 창전구 창전2동(창전동) | 효빈광역시 창전구 창전5동(창전동)","[-32442,7333]; [-32470,10274]; [-32485,12044]; [-32482,13490]; [-32451,14460]; [-32436,14863]; [-32451,16676]; [-32427,18195]; [-32430,20071]; [-32458,22963]; [-32509,23582]; [-32788,23851]; [-33231,24045]; [-33822,24552]; [-34201,25449]; [-34446,25816]; [-35010,26419]; [-35832,27926]; [-36550,27926]; [-36729,28453]; [-37035,28805]; [-37150,29220]; [-37168,29732]; [-37159,32312]; [-37202,33643]; [-37396,34167]; [-37411,34476]; [-37415,34480]; [-37480,34958]; [-37483,36310]; [-37214,36681]; [-37442,36882]; [-37484,37819]; [-37452,39422]; [-36579,41264]; [-36276,41683]; [-36234,41843]; [-36230,42110]"
"운동장로","#7777aa","5739m","효빈광역시 북구 진희동","효빈광역시 동구 덕현3동(덕현동)","효빈광역시 북구 진희동 | 효빈광역시 북구 진희동(입희동) | 효빈광역시 북구 청능동(입희동) | 효빈광역시 북구 오내2동(오내동) | 효빈광역시 동구 전천동 | 효빈광역시 동구 덕현3동(덕현동) | 효빈광역시 북구 오내1동(오내동)","[-23965,21223]; [-24260,21239]; [-24478,21564]; [-25089,21941]; [-25232,21993]; [-26109,22006]; [-26258,22126]; [-27610,22103]; [-28793,22113]; [-29368,22174]"
"뿌리빛로","#7777aa","8154m","효빈광역시 북구 사능1동(치남동)","효빈광역시 안천구 뇌전동","효빈광역시 북구 사능1동(치남동) | 효빈광역시 북구 사능1동(생곡동) | 효빈광역시 동구 전천동 | 효빈광역시 동구 덕현7동(덕현동) | 효빈광역시 북구 채산동(수포동) | 효빈광역시 안천구 뇌전동 | 효빈광역시 북구 사능1동(사능동3가) | 효빈광역시 동구 덕현9동(덕현동) | 효빈광역시 안천구 북택동","[-28828,19926]; [-28572,20264]; [-28718,21960]; [-28663,23396]; [-28718,24969]; [-28666,26951]; [-28711,27984]"
"평전서로","#7777aa","2476m","효빈광역시 북구 채산동(곡진동)","효빈광역시 북구 채산동(신영동)","효빈광역시 북구 채산동(곡진동) | 효빈광역시 북구 채산동(평전동) | 효빈광역시 북구 채산동(신영동)","[-25209,28598]; [-27064,28585]; [-27685,28608]"
"소조로","#7777aa","2714m","효빈광역시 북구 소조동","효빈광역시 북구 사능1동(사능동1가)","효빈광역시 북구 소조동 | 효빈광역시 북구 사능1동(사능동1가)","[-26056,19098]; [-27179,19105]; [-27248,18976]; [-27309,18893]; [-28147,18874]; [-28650,18893]"
"세하로","#7777aa","29696m","효빈광역시 북구 소조동","덕빈북도 선곡군 우목면 우목리","효빈광역시 북구 소조동 | 효빈광역시 북구 사능2동(사능동2가) | 효빈광역시 북구 천왕사동 | 효빈광역시 북구 오내2동(오내동) | 효빈광역시 북구 남전동 | 효빈광역시 북구 채산동(실본동) | 효빈광역시 북구 채산동(신영동) | 효빈광역시 안천구 당가2동(당가동) | 효빈광역시 안천구 악부동(타천동) | 효빈광역시 안천구 이십기동(심회동) | 효빈광역시 안천구 이십기동(리의동) | 효빈광역시 안천구 이자1동(이자동) | 효빈광역시 안천구 이자4동(이자동) | 효빈광역시 안천구 칠채동(융문동) | 효빈광역시 탄성군 고해읍 이와리 | 효빈광역시 탄성군 고해읍 은진원리 | 효빈광역시 탄성군 도향면 벽천리 | 덕빈북도 선곡군 우목면 우목리 | 효빈광역시 북구 천왕사동(해서동) | 효빈광역시 북구 오내1동(오내동) | 효빈광역시 북구 채산동 | 효빈광역시 안천구 이자2동(이자동) | 효빈광역시 안천구 칠채동(월삼동)","[-27215,19124]; [-27266,19427]; [-27399,20814]; [-27592,22367]; [-27569,24550]; [-27573,26829]; [-27748,27799]; [-27725,30169]; [-27739,32765]; [-27743,34240]; [-27762,34773]; [-27799,35247]; [-28125,36248]; [-28212,37006]; [-28240,39129]; [-28345,39331]; [-28327,41739]; [-28341,44248]; [-28327,45980]; [-28341,46440]; [-30055,46417]; [-30597,46430]"
"오선로","#7777aa","4591m","효빈광역시 북구 고송1동(고송동)","효빈광역시 서구 과진6동(과진동)","효빈광역시 북구 고송1동(고송동) | 효빈광역시 서구 청덕3동(청덕동) | 효빈광역시 서구 청덕2동(청덕동) | 효빈광역시 서구 과진6동(과진동) | 효빈광역시 서구 청덕1동(청덕동)","[-22118,15697]; [-22277,15667]; [-22341,15725]; [-22516,15710]; [-22788,15388]; [-22865,15294]; [-23162,15251]; [-23246,15121]; [-23404,14977]; [-23606,14759]; [-24268,14697]; [-26261,14720]"
"도탄로","#7777aa","5445m","효빈광역시 서구 청덕1동(청덕동)","효빈광역시 북구 청능동","효빈광역시 서구 청덕1동(청덕동) | 효빈광역시 서구 과진5동(과진동) | 효빈광역시 서구 사복2동(사복동) | 효빈광역시 북구 청능동 | 효빈광역시 서구 과진6동(과진동) | 효빈광역시 북구 소조동","[-26061,14100]; [-26048,16731]; [-26069,18323]; [-26048,19545]"
"청덕중앙로","#7777aa","620m","효빈광역시 서구 청덕1동(청덕동)","효빈광역시 서구 청덕1동(청덕동)","효빈광역시 서구 청덕1동(청덕동)","[-25302,13676]; [-25922,13680]"
"과진로","#7777aa","6425m","효빈광역시 서구 청덕1동(청덕동)","효빈광역시 북구 청능동","효빈광역시 서구 청덕1동(청덕동) | 효빈광역시 서구 사복1동(사복동) | 효빈광역시 북구 청능동 | 효빈광역시 서구 과진6동(과진동)","[-25617,13120]; [-25617,17741]; [-25615,19030]; [-25685,19346]; [-25780,19512]"
"고송동서로","#7777aa","7349m","효빈광역시 서구 과진3동(과진동)","효빈광역시 북구 포산동","효빈광역시 서구 과진3동(과진동) | 효빈광역시 북구 고송8동(고송동) | 효빈광역시 북구 고송7동(고송동) | 효빈광역시 북구 진희동 | 효빈광역시 북구 진희동(입희동) | 효빈광역시 북구 산고동(추산동) | 효빈광역시 북구 포산동 | 효빈광역시 북구 고송4동(고송동)","[-25108,16416]; [-25102,18454]; [-25102,19806]; [-25115,20866]; [-25114,22611]; [-25106,23501]; [-25123,23764]"
"시청로","#7777aa","2413m","효빈광역시 북구 고송6동(고송동)","효빈광역시 북구 소조동","효빈광역시 북구 고송6동(고송동) | 효빈광역시 북구 고송8동(고송동) | 효빈광역시 북구 소조동 | 효빈광역시 북구 청능동","[-23634,18883]; [-24821,18881]; [-26047,18872]"
"충선로","#7777aa","784m","효빈광역시 서구 사복1동(사복동)","효빈광역시 서구 당선2동(당선동)","효빈광역시 서구 사복1동(사복동) | 효빈광역시 서구 당선2동(당선동) | 효빈광역시 서구 사복2동(사복동)","[-25610,18439]; [-26394,18437]"
"고송남북로","#7777aa","3051m","효빈광역시 북구 고송2동(고송동)","효빈광역시 서구 사복2동(사복동)","효빈광역시 북구 고송2동(고송동) | 효빈광역시 북구 고송4동(고송동) | 효빈광역시 서구 사복2동(사복동) | 효빈광역시 북구 고송6동(고송동) | 효빈광역시 서구 과진2동(과진동)","[-23007,17343]; [-24496,17313]; [-26058,17325]"
"복지대학로","#7777aa","2069m","효빈광역시 북구 고송8동(고송동)","효빈광역시 서구 과진2동(과진동)","효빈광역시 북구 고송8동(고송동) | 효빈광역시 서구 과진2동(과진동) | 효빈광역시 서구 사복1동(사복동)","[-25261,18845]; [-25269,16776]"
"소흥로","#7777aa","1874m","효빈광역시 서구 사복1동(사복동)","효빈광역시 북구 고송6동(고송동)","효빈광역시 서구 사복1동(사복동) | 효빈광역시 북구 고송6동(고송동) | 효빈광역시 북구 고송5동(고송동)","[-25290,17871]; [-23416,17882]"
"아소로","#7777aa","1047m","효빈광역시 북구 고송6동(고송동)","효빈광역시 북구 고송5동(고송동)","효빈광역시 북구 고송6동(고송동) | 효빈광역시 북구 고송5동(고송동)","[-23553,18314]; [-24600,18304]"
"청고로","#7777aa","11488m","효빈광역시 서구 청덕1동(청덕동)","효빈광역시 북구 포산동","효빈광역시 서구 청덕1동(청덕동) | 효빈광역시 서구 청덕2동(청덕동) | 효빈광역시 서구 청덕3동(청덕동) | 효빈광역시 북구 고송4동(고송동) | 효빈광역시 북구 고송5동(고송동) | 효빈광역시 북구 고송7동(고송동) | 효빈광역시 북구 진희동 | 효빈광역시 북구 포산동 | 효빈광역시 북구 고송6동(고송동)","[-25462,13061]; [-24964,13898]; [-24819,14122]; [-24598,14313]; [-24250,14706]; [-24264,16522]; [-24253,17994]; [-24251,20204]; [-24268,21482]; [-24264,22693]; [-24253,24136]"
"구창로","#7777aa","4830m","효빈광역시 북구 고송7동(고송동)","효빈광역시 서구 청덕3동(청덕동)","효빈광역시 북구 고송7동(고송동) | 효빈광역시 북구 고송6동(고송동) | 효빈광역시 북구 고송3동(고송동) | 효빈광역시 서구 청덕3동(청덕동) | 효빈광역시 북구 고송4동(고송동)","[-23930,19541]; [-23951,19045]; [-23949,17746]; [-23957,16158]; [-23940,14712]"
"이달로","#7777aa","2645m","효빈광역시 서구 청덕3동(청덕동)","효빈광역시 북구 고송2동(고송동)","효빈광역시 서구 청덕3동(청덕동) | 효빈광역시 북구 고송3동(고송동) | 효빈광역시 북구 고송1동(고송동) | 효빈광역시 북구 고송2동(고송동)","[-23419,14936]; [-23421,15279]; [-23300,15647]; [-23219,15714]; [-22898,15742]; [-22932,17229]"
"시서로","#7777aa","1872m","효빈광역시 북구 고송1동(고송동)","효빈광역시 북구 고송1동(고송동)","효빈광역시 북구 고송1동(고송동)","[-22540,16677]; [-22525,15768]; [-22520,15714]; [-22938,15722]; [-23182,15296]"
"토천로","#7777aa","1317m","효빈광역시 북구 고송1동(고송동)","효빈광역시 북구 고송3동(고송동)","효빈광역시 북구 고송1동(고송동) | 효빈광역시 북구 고송3동(고송동)","[-22284,16369]; [-23601,16365]"
"실능로","#7777aa","1956m","효빈광역시 서구 청덕1동(청덕동)","효빈광역시 서구 과진6동(과진동)","효빈광역시 서구 청덕1동(청덕동) | 효빈광역시 서구 과진6동(과진동) | 효빈광역시 서구 청덕2동(청덕동)","[-25289,13342]; [-25314,14585]; [-25300,15298]"
"통성로","#7777aa","2215m","효빈광역시 서구 청덕1동(청덕동)","효빈광역시 서구 과진7동(과진동)","효빈광역시 서구 청덕1동(청덕동) | 효빈광역시 서구 청덕2동(청덕동) | 효빈광역시 서구 과진7동(과진동)","[-25125,13576]; [-25163,13893]; [-25138,14856]; [-25146,15298]; [-25149,15788]"
"청덕로","#7777aa","1993m","효빈광역시 서구 청덕2동(청덕동)","효빈광역시 서구 과진6동(과진동)","효빈광역시 서구 청덕2동(청덕동) | 효빈광역시 서구 과진6동(과진동)","[-24416,15283]; [-25225,15293]; [-26409,15288]"
"호한로","#7777aa","1270m","효빈광역시 서구 청덕2동(청덕동)","효빈광역시 서구 청덕1동(청덕동)","효빈광역시 서구 청덕2동(청덕동) | 효빈광역시 서구 청덕1동(청덕동)","[-24835,14110]; [-26105,14098]"
"화한로","#7777aa","1612m","효빈광역시 서구 청덕1동(청덕동)","효빈광역시 서구 과진6동(과진동)","효빈광역시 서구 청덕1동(청덕동) | 효빈광역시 서구 과진6동(과진동)","[-25628,13692]; [-25788,14290]; [-26050,15248]"
"강천로","#7777aa","1210m","효빈광역시 서구 청덕2동(청덕동)","효빈광역시 서구 청덕2동(청덕동)","효빈광역시 서구 청덕2동(청덕동)","[-24884,14094]; [-24876,15304]"
"당선해안로","#7777aa","1880m","효빈광역시 서구 당선3동(당선동)","효빈광역시 서구 당선4동(당선동)","효빈광역시 서구 당선3동(당선동) | 효빈광역시 서구 당선4동(당선동)","[-26416,15512]; [-26576,15930]; [-26872,16020]; [-26952,15954]; [-27100,15862]; [-27148,15806]; [-27482,16078]; [-27740,16300]"
"무창로","#7777aa","532m","효빈광역시 서구 당선3동(당선동)","효빈광역시 서구 당선3동(당선동)","효빈광역시 서구 당선3동(당선동)","[-26748,16008]; [-26750,16540]"
"소장로","#7777aa","810m","효빈광역시 중구 중앙동(소장동1가)","효빈광역시 중구 조유동(조유동4가)","효빈광역시 중구 중앙동(소장동1가) | 효빈광역시 중구 중앙동(중앙로6가) | 효빈광역시 중구 조유동(조유동4가)","[-29154,16700]; [-29302,17118]; [-29372,17478]"
"조유로","#7777aa","1307m","효빈광역시 중구 조유동(조유동5가)","효빈광역시 중구 중앙동(중앙로5가)","효빈광역시 중구 조유동(조유동5가) | 효빈광역시 중구 조유동(조유동4가) | 효빈광역시 중구 중앙동(중앙로6가) | 효빈광역시 중구 중앙동(중앙로5가)","[-29032,17966]; [-29310,17278]; [-29322,17104]; [-29690,16972]"
"운중로","#7777aa","2366m","효빈광역시 중구 중앙동(중앙로1가)","효빈광역시 청엽구 입빈동(효빈동1가)","효빈광역시 중구 중앙동(중앙로1가) | 효빈광역시 중구 중앙동(지유동1가) | 효빈광역시 중구 중앙동(지유동2가) | 효빈광역시 중구 중앙동(원동4가) | 효빈광역시 중구 약맥동(오주동) | 효빈광역시 청엽구 입빈동(효빈동1가) | 효빈광역시 중구 중앙동(중앙로3가) | 효빈광역시 중구 중앙동(원동1가)","[-29612,16260]; [-29930,16682]; [-30106,16838]; [-30216,16886]; [-31080,16896]; [-31698,16902]"
"중동로","#7777aa","567m","효빈광역시 중구 조유동(조유동3가)","효빈광역시 중구 중정동(중동3가)","효빈광역시 중구 조유동(조유동3가) | 효빈광역시 중구 중정동(중동1가) | 효빈광역시 중구 중정동(중동3가) | 효빈광역시 중구 중앙동(중앙로6가)","[-29452,17346]; [-29631,17428]; [-29999,17467]"
"심동로","#7777aa","3556m","효빈광역시 중구 중앙동(중앙로1가)","효빈광역시 중구 내항동","효빈광역시 중구 중앙동(중앙로1가) | 효빈광역시 중구 중앙동(심동2가) | 효빈광역시 중구 고도동(시남동) | 효빈광역시 중구 내항동 | 효빈광역시 중구 중앙동(심동1가) | 효빈광역시 중구 고도동","[-29725,16191]; [-29824,16128]; [-29944,15884]; [-30053,15134]; [-30042,13553]; [-30048,12725]"
"우이로","#7777aa","2430m","효빈광역시 중구 고도동(시남동)","효빈광역시 청엽구 월천동(입동1가)","효빈광역시 중구 고도동(시남동) | 효빈광역시 청엽구 월천동(입동1가) | 효빈광역시 중구 약맥동","[-30028,15116]; [-32458,15130]"
"상자로","#7777aa","2006m","효빈광역시 중구 약맥동(삼각동)","효빈광역시 청엽구 입빈동(입동1가)","효빈광역시 중구 약맥동(삼각동) | 효빈광역시 청엽구 입빈동(입동1가) | 효빈광역시 청엽구 입빈동(입동3가)","[-30560,15916]; [-30687,16070]; [-30810,16181]; [-32451,16183]"
"팔번로","#7777aa","4921m","효빈광역시 중구 내항동(명일동)","효빈광역시 청엽구 입빈동(효빈동2가)","효빈광역시 중구 내항동(명일동) | 효빈광역시 중구 약맥동 | 효빈광역시 입빈동(입동3가) | 효빈광역시 청엽구 입빈동(효빈동1가) | 효빈광역시 청엽구 입빈동(효빈동2가) | 효빈광역시 중구 고도동(십덕동) | 효빈광역시 남구 월천동 | 효빈광역시 청엽구 입빈동(입동3가)","[-31191,13417]; [-31198,15193]; [-31373,15829]; [-31365,16924]; [-31064,17988]; [-31061,18273]"
"악내로","#7777aa","8195m","효빈광역시 중구 약맥동","효빈광역시 청엽구 청엽2동(청엽동)","효빈광역시 중구 약맥동 | 효빈광역시 중구 약맥동(오주동) | 효빈광역시 중구 신덕동 | 효빈광역시 청엽구 청엽5동(청엽동) | 효빈광역시 청엽구(청엽동) | 효빈광역시 동구 덕현4동(덕현동) | 효빈광역시 청엽구 청엽2동(청엽동) | 효빈광역시 중구 약맥동(삼각동) | 효빈광역시 중구 중정동(오석동) | 효빈광역시 청엽구 비마리동(사노동)","[-30950,15102]; [-30797,15377]; [-30814,16450]; [-30824,18623]; [-30793,22450]; [-30758,22958]; [-30866,23104]; [-30981,23118]"
"덕청대로","#7777aa","7596m","효빈광역시 동구 사가당1동(사가당동)","효빈광역시 창전구 팔조동","효빈광역시 동구 사가당1동(사가당동) | 효빈광역시 동구 덕현1동(덕현동) | 효빈광역시 동구 덕현2동(덕현동) | 효빈광역시 동구 사가당3동(사가당동) | 효빈광역시 청엽구 청엽1동(청엽동) | 효빈광역시 청엽구 우전1동(우전동) | 효빈광역시 창전구 동곡동 | 효빈광역시 창전구 팔조동 | 효빈광역시 청엽구 청엽6동(청엽동) | 효빈광역시 청엽구 마잡2동(서증동) | 효빈광역시 창전구 동곡동(투자동)","[-29930,20979]; [-29660,21313]; [-29715,21452]; [-29752,21769]; [-30062,22142]; [-30281,22295]; [-32109,22298]; [-32917,22267]; [-33064,22204]; [-34065,21325]; [-35882,21328]"
"청엽중앙로","#7777aa","6495m","효빈광역시 동구 덕현5동(덕현동)","효빈광역시 창전구 팔조동","효빈광역시 동구 덕현5동(덕현동) | 효빈광역시 창전구 쌍엽1동(쌍엽동) | 효빈광역시 창전구 팔조동(쌍엽동) | 효빈광역시 창전구 팔조동 | 효빈광역시 청엽구 우전2동(우전동)","[-29748,23334]; [-34651,23320]; [-34829,22972]; [-36030,23007]"
"동곡로","#7777aa","3276m","효빈광역시 창전구 동곡동","효빈광역시 창전구 쌍엽1동(쌍엽동)","효빈광역시 창전구 동곡동 | 효빈광역시 창전구 쌍엽1동(쌍엽동) | 효빈광역시 창전구 동곡동(투자동)","[-34797,19698]; [-34812,19703]; [-34802,22963]"
"창전해안로","#7777aa","11333m","효빈광역시 창전구 쌍엽1동(쌍엽동)","효빈광역시 탄성군 탄성읍 미성리","효빈광역시 창전구 쌍엽1동(쌍엽동) | 효빈광역시 창전구 창전2동(창전동) | 효빈광역시 창전구 창전4동(창전동) | 효빈광역시 창전구 광정동(생덕동) | 효빈광역시 탄성군 탄성읍 고무리 | 효빈광역시 탄성군 탄성읍 무성리 | 효빈광역시 탄성군 탄성읍 명무리 | 효빈광역시 탄성군 탄성읍 미성리 | 효빈광역시 창전구 창전1동(창전동)","[-34649,23338]; [-34600,23604]; [-34649,24529]; [-35280,25312]; [-35772,26076]; [-35831,26238]; [-36082,26233]; [-36432,26534]; [-36476,26603]; [-37703,26657]; [-37683,29892]; [-37712,32684]"
"칠심로","#7777aa","10077m","효빈광역시 청엽구 마잡2동(헌이송동)","효빈광역시 창전구 광정동","효빈광역시 청엽구 마잡2동(헌이송동) | 효빈광역시 청엽구 마잡2동(마잡동) | 효빈광역시 창전구(쌍엽동) | 효빈광역시 창전구 쌍엽2동(쌍엽동) | 효빈광역시 창전구 칠심1동(칠심동) | 효빈광역시 창전구 광정동 | 효빈광역시 청엽구 마잡2동(서증동) | 효빈광역시 창전구 유류동 | 효빈광역시 창전구 광정동(보통동)","[-33512,17064]; [-33512,18999]; [-33463,22052]; [-33522,23170]; [-33551,25165]; [-33531,27139]"
"기계산업로","#7777aa","11996m","효빈광역시 남구 월천동(신흥동)","효빈광역시 남구 곽산2동(곽산동)","효빈광역시 남구 월천동(신흥동) | 효빈광역시 남구 월천동(포장동) | 효빈광역시 남구 고당동(고간동) | 효빈광역시 남구 평당6동(평당동) | 효빈광역시 남구 평당7동(평당동) | 효빈광역시 남구 곽산1동(곽산동) | 효빈광역시 남구 곽산2동(곽산동)","[-32172,14503]; [-34127,14508]; [-34103,11573]; [-34132,11494]; [-36314,11514]; [-37190,10061]; [-37978,8766]; [-38225,8194]; [-38195,7190]"
"효빈항로","#7777aa","12108m","효빈광역시 남구 항2동(항동2가)","효빈광역시 남구 월천동","효빈광역시 남구 항2동(항동2가) | 효빈광역시 남구 항3동(항동2가) | 효빈광역시 남구 항3동(항동3가) | 효빈광역시 남구 항4동(항동3가) | 효빈광역시 남구 항1동(항동1가) | 효빈광역시 남구 월천동","[-28370,1236]; [-28395,2280]; [-28774,2625]; [-28774,2832]; [-28878,2886]; [-28966,3787]; [-29336,5708]; [-29385,6604]; [-29405,6766]; [-29981,7628]; [-30143,8047]; [-30582,8909]; [-30710,9224]; [-30976,9381]; [-31286,9928]; [-31345,10376]; [-31448,11632]; [-31434,12494]"
"내항로","#7777aa","4615m","효빈광역시 중구 내항동","효빈광역시 중구 고도동(우이동)","효빈광역시 중구 내항동 | 효빈광역시 중구 고도동 | 효빈광역시 중구 고도동(시남동) | 효빈광역시 중구 중앙동(심동1가) | 효빈광역시 중구 고도동(우이동)","[-31202,12725]; [-30355,12725]; [-29981,12715]; [-29661,12838]; [-29429,13001]; [-29390,13222]; [-29365,13375]; [-29528,13690]; [-29863,14444]; [-29902,14818]; [-29966,15079]; [-30025,15306]; [-30330,15429]"
"약맥로","#7777aa","2566m","효빈광역시 중구 고도동(시남동)","효빈광역시 남구 월천동(신흥동)","효빈광역시 중구 고도동(시남동) | 효빈광역시 남구 월천동(신흥동) | 효빈광역시 중구 약맥동","[-29882,14877]; [-32448,14853]"
"입빈로","#7777aa","6979m","효빈광역시 남구 항1동(항동1가)","효빈광역시 청엽구 동리동","효빈광역시 남구 항1동(항동1가) | 효빈광역시 남구(항동1가) | 효빈광역시 청엽구 입빈동(입동1가) | 효빈광역시 청엽구 입빈동(효빈동1가) | 효빈광역시 청엽구 입빈동(효빈동2가) | 효빈광역시 청엽구 동리동 | 효빈광역시 남구 월천동(신흥동) | 효빈광역시 청엽구 입빈동(입동2가)","[-32113,11780]; [-32133,12513]; [-32167,16118]; [-32138,16941]; [-32133,17507]; [-32133,18758]"
"효빈성로","#7777aa","2925m","효빈광역시 중구 내조1동(내조동)","효빈광역시 청엽구 마잡1동(마잡동)","효빈광역시 중구 내조1동(내조동) | 효빈광역시 청엽구 마잡1동(마잡동) | 효빈광역시 청엽구 동리동","[-29528,18782]; [-32453,18743]"
"장원로","#7777aa","2135m","효빈광역시 중구 유내동(리사동)","효빈광역시 청엽구 등동","효빈광역시 중구 유내동(리사동) | 효빈광역시 청엽구 등동 | 효빈광역시 청엽구 입빈동(효빈동2가)","[-30320,18280]; [-32455,18261]"
"도람로","#7777aa","1211m","효빈광역시 중구 중정동(중동3가)","효빈광역시 중구 궁영동(궁정동)","효빈광역시 중구 중정동(중동3가) | 효빈광역시 중구 중정동(중동2가) | 효빈광역시 중구 궁영동(도람동) | 효빈광역시 중구 궁영동(궁정동) | 효빈광역시 중구 유내동","[-29969,17476]; [-30066,17957]; [-30161,18334]; [-30183,18516]; [-30183,18578]; [-30252,18630]"
"내서로","#7777aa","1193m","효빈광역시 중구 조유동(조유동2가)","효빈광역시 중구 내조1동(내조동)","효빈광역시 중구 조유동(조유동2가) | 효빈광역시 중구 조유동(천석동3가) | 효빈광역시 중구 내조1동(내조동) | 효빈광역시 중구 조유동(서남동)","[-29352,17957]; [-29261,18734]; [-29196,19140]"
"천석로","#7777aa","1142m","효빈광역시 중구 조유동(조유동2가)","효빈광역시 북구 사능1동(사능동1가)","효빈광역시 중구 조유동(조유동2가) | 효빈광역시 중구 조유동(천석동3가) | 효빈광역시 중구 조유동(천석동1가) | 효빈광역시 북구 사능1동(사능동1가) | 효빈광역시 중구 조유동(천석동2가) | 효빈광역시 중구 조유동(서남동)","[-29540,18116]; [-29371,18467]; [-29332,18497]; [-29014,18523]; [-28750,18529]; [-28630,18523]"
"보몽로","#7777aa","3638m","효빈광역시 북구 천왕사동","효빈광역시 동구 덕현2동(덕현동)","효빈광역시 북구 천왕사동 | 효빈광역시 북구 천왕사동(해서동) | 효빈광역시 동구 전천동 | 효빈광역시 동구 덕현1동(덕현동) | 효빈광역시 동구 덕현2동(덕현동)","[-26460,20029]; [-26623,20235]; [-28170,20810]; [-28595,21002]; [-28908,21084]; [-29101,21513]; [-29217,21611]; [-29530,21616]"
"전천로","#7777aa","4986m","효빈광역시 북구 사능2동(사능동2가)","효빈광역시 동구 덕현5동(덕현동)","효빈광역시 북구 사능2동(사능동2가) | 효빈광역시 북구 천왕사동(해서동) | 효빈광역시 동구 전천동 | 효빈광역시 동구 덕현5동(덕현동) | 효빈광역시 동구 덕현5동","[-27292,19373]; [-27570,19673]; [-27836,20072]; [-28201,20539]; [-28338,21637]; [-28531,22576]; [-28518,23159]; [-28603,23330]; [-28964,23348]; [-29268,23335]"
"천왕사로","#7777aa","5153m","효빈광역시 북구 소조동","효빈광역시 북구 중수4동(중수동)","효빈광역시 북구 소조동 | 효빈광역시 북구 중수4동(중수동) | 효빈광역시 북구 천왕사동","[-26970,19086]; [-26953,24239]"
"평안명로","#7777aa","4553m","효빈광역시 북구 천왕사동","효빈광역시 북구 중수4동(중수동)","효빈광역시 북구 천왕사동 | 효빈광역시 북구 산고동(사연동) | 효빈광역시 북구 중수4동(중수동) | 효빈광역시 북구 산고동(서도동)","[-26683,20021]; [-26683,23733]; [-26460,24544]"
"법원로","#7777aa","4340m","효빈광역시 북구 중수4동(중수동)","효빈광역시 북구 채산동(수포동)","효빈광역시 북구 중수4동(중수동) | 효빈광역시 북구 중수3동(중수동) | 효빈광역시 북구 채산동(실본동) | 효빈광역시 북구 채산동(신영동) | 효빈광역시 북구 채산동(수포동) | 효빈광역시 북구 남전동","[-26181,24595]; [-26516,25230]; [-26747,25705]; [-26837,26661]; [-26949,26919]; [-27180,27193]; [-27519,27695]; [-27630,28025]; [-28033,28385]"
"중수해안로","#7777aa","2435m","효빈광역시 북구 중수1동(중수동)","효빈광역시 북구 중수2동(중수동)","효빈광역시 북구 중수1동(중수동) | 효빈광역시 북구 중수2동(중수동)","[-24424,24496]; [-24411,24861]; [-24509,25350]; [-24659,25740]; [-24835,26880]"
"카스미로","#7777aa","797m","효빈광역시 북구 중수1동(중수동)","효빈광역시 북구 중수1동(중수동)","효빈광역시 북구 중수1동(중수동)","[-24412,24918]; [-25209,24918]"
"포산로","#7777aa","3197m","효빈광역시 북구 포산동","효빈광역시 북구 오내1동(오내동)","효빈광역시 북구 포산동 | 효빈광역시 북구 오내1동(오내동) | 효빈광역시 북구 산고동(사연동)","[-24312,24304]; [-25007,23789]; [-27339,23746]"
"오내로","#7777aa","5456m","효빈광역시 북구 중수4동(중수동)","효빈광역시 동구 덕현2동(덕현동)","효빈광역시 북구 중수4동(중수동) | 효빈광역시 북구 남전동 | 효빈광역시 북구 오내2동(오내동) | 효빈광역시 동구 전천동 | 효빈광역시 동구 덕현2동(덕현동) | 효빈광역시 북구 오내1동(오내동) | 효빈광역시 동구 덕현3동(덕현동)","[-26533,25320]; [-26773,25028]; [-27026,24767]; [-27107,24681]; [-27017,24244]; [-27690,23360]; [-28621,22872]; [-29101,22812]; [-29774,21838]; [-29954,21573]"
"우택로","#7777aa","9290m","효빈광역시 동구 사가당1동(사가당동)","효빈광역시 안천구 뇌전동(상가동)","효빈광역시 동구 사가당1동(사가당동) | 효빈광역시 동구 사가당2동(사가당동) | 효빈광역시 동구(사가당동) | 효빈광역시 동구 사가당4동(사가당동) | 효빈광역시 청엽구 우택동 | 효빈광역시 안천구 뇌전동(치장동) | 효빈광역시 안천구 뇌전동(상가동) | 효빈광역시 동구 사가당3동(사가당동) | 효빈광역시 동구 덕현6동(덕현동) | 효빈광역시 안천구 북택동(하구동) | 효빈광역시 안천구 뇌전동","[-30010,20664]; [-30177,20994]; [-30314,21260]; [-30181,22293]; [-30400,22807]; [-30456,22979]; [-30275,24822]; [-30160,25555]; [-30100,27330]; [-30108,29800]"
"도변이자로","#7777aa","30375m","효빈광역시 동구 전천동","효빈광역시 탄성군 고해읍 장심리","효빈광역시 동구 전천동 | 효빈광역시 동구 덕현9동(덕현동) | 효빈광역시 청엽구 청엽4동(청엽동) | 효빈광역시 청엽구 우택동 | 효빈광역시 창전구 진백동 | 효빈광역시 창전구 진백동(시로동) | 효빈광역시 탄성군 흑택면 명현리 | 효빈광역시 탄성군 도변읍 도변리 | 효빈광역시 탄성군 도변읍 잠재리 | 효빈광역시 탄성군 도변읍 앵내리 | 효빈광역시 안천구 이자3동(탄자동) | 효빈광역시 안천구 이자3동(이자동) | 효빈광역시 안천구 이자2동(이자동) | 효빈광역시 안천구 칠채동(서수동) | 효빈광역시 탄성군 소원면 소원리 | 효빈광역시 탄성군 고해읍 천가리 | 효빈광역시 탄성군 고해읍 장심리 | 효빈광역시 동구 덕현5동(덕현동) | 효빈광역시 동구 덕현6동(덕현동) | 효빈광역시 탄성군 흑택면 흑택리 | 효빈광역시 탄성군 흑택면 루비리 | 효빈광역시 안천구 성저동 | 효빈광역시 탄성군 고해읍 이와리","[-28925,23313]; [-29152,23545]; [-30700,24274]; [-31240,25285]; [-31900,26734]; [-32428,27497]; [-32753,27999]; [-33011,29530]; [-32951,32642]; [-32981,34623]; [-32646,35609]; [-32462,36162]; [-31986,36775]; [-31737,37671]; [-31660,37726]; [-29735,37748]; [-28904,38082]; [-28496,38091]; [-28166,38228]; [-27330,38884]; [-26962,39068]; [-26700,39128]; [-26036,39900]; [-25568,40560]; [-25427,41049]; [-25830,42275]; [-26430,43445]; [-26490,44067]; [-29598,44110]"
"도변대로","#7777aa","16734m","효빈광역시 청엽구 청엽2동(청엽동)","효빈광역시 탄성군 고해읍 전추리","효빈광역시 청엽구 청엽2동(청엽동) | 효빈광역시 탄성군 도변읍 요우리 | 효빈광역시 탄성군 도변읍 잠재리 | 효빈광역시 탄성군 고해읍 전추리 | 효빈광역시 창전구 진백동 | 효빈광역시 안천구 뇌전동(팔월동) | 효빈광역시 탄성군 도변읍 앵내리","[-31066,23306]; [-31078,28847]; [-31054,32818]; [-31127,35825]; [-31121,40039]"
"안천이자로","#7777aa","10137m","효빈광역시 안천구 악부동(일화동)","효빈광역시 안천구 이자3동(이자동)","효빈광역시 안천구 악부동(일화동) | 효빈광역시 안천구 악부동(무로동) | 효빈광역시 안천구 안천1동(안천동) | 효빈광역시 안천구 안천2동(안천동) | 효빈광역시 안천구 악부동(팔망성동) | 효빈광역시 안천구 이십기동(추자동) | 효빈광역시 안천구 이십기동 | 효빈광역시 안천구 이자3동(이자동) | 효빈광역시 안천구 악부동(초음동) | 효빈광역시 안천구 안천3동(안천동)","[-25527,31242]; [-27977,31239]; [-28341,31226]; [-28647,31603]; [-28838,31766]; [-29235,32698]; [-29430,33263]; [-29410,34530]; [-28897,35830]; [-28832,35957]; [-28864,37747]; [-28848,38124]"
"안당로","#7777aa","3135m","효빈광역시 안천구 뇌전동(세익동)","효빈광역시 안천구 안천2동(안천동)","효빈광역시 안천구 뇌전동(세익동) | 효빈광역시 안천구 당가1동(당가동) | 효빈광역시 안천구 안천6동(안천동) | 효빈광역시 안천구 안천2동(안천동)","[-28732,28623]; [-28708,30145]; [-28847,30799]; [-28908,31030]; [-28825,31730]"
"안천북로","#7777aa","9666m","효빈광역시 안천구 당가2동(당가동)","효빈광역시 안천구 이자4동(이자동)","효빈광역시 안천구 당가2동(당가동) | 효빈광역시 안천구 당가1동(당가동) | 효빈광역시 안천구 안천1동(안천동) | 효빈광역시 안천구 악부동(타천동) | 효빈광역시 안천구 이십기동(심회동) | 효빈광역시 안천구 이자1동(이자동) | 효빈광역시 안천구 이자4동(이자동) | 효빈광역시 안천구 악부동(제택동) | 효빈광역시 안천구 이십기동(리의동) | 효빈광역시 안천구 이자2동(이자동)","[-27743,29884]; [-28029,30300]; [-28276,30411]; [-28341,31327]; [-28273,31785]; [-28292,33994]; [-28331,34358]; [-28380,35021]; [-28361,36818]; [-28364,37487]; [-28390,38355]; [-28338,38852]; [-28331,39287]"
"안천로","#7777aa","877m","효빈광역시 안천구 당가1동(당가동)","효빈광역시 안천구 안천6동(안천동)","효빈광역시 안천구 당가1동(당가동) | 효빈광역시 안천구 안천6동(안천동)","[-28283,30411]; [-29160,30414]"
"안천중앙로","#7777aa","4181m","효빈광역시 안천구 악부동(초음동)","효빈광역시 탄성군 도변읍 요우리","효빈광역시 안천구 악부동(초음동) | 효빈광역시 탄성군 도변읍 요우리 | 효빈광역시 안천구 안천4동(안천동)","[-27711,31870]; [-31892,31886]"
"하가로","#7777aa","1223m","효빈광역시 안천구 뇌전동(하가동)","효빈광역시 안천구 안천6동(안천동)","효빈광역시 안천구 뇌전동(하가동) | 효빈광역시 안천구 안천6동(안천동) | 효빈광역시 안천구 안천5동(안천동)","[-29264,29878]; [-29163,30479]; [-29176,30680]; [-28906,30992]"
"당가로","#7777aa","8831m","효빈광역시 동구 전천동","효빈광역시 안천구 안천4동(안천동)","효빈광역시 동구 전천동 | 효빈광역시 안천구 북택동 | 효빈광역시 안천구 뇌전동 | 효빈광역시 안천구 당가1동(당가동) | 효빈광역시 안천구 안천6동(안천동) | 효빈광역시 안천구 안천5동(안천동) | 효빈광역시 안천구 안천4동(안천동) | 효빈광역시 동구 덕현9동(덕현동) | 효빈광역시 안천구 뇌전동(세익동)","[-28942,23354]; [-28949,25674]; [-28945,27812]; [-28945,29404]; [-28945,30398]; [-28919,30531]; [-28900,31028]; [-29176,31048]; [-29400,31896]"
"포성산로","#7777aa","15536m","효빈광역시 안천구 뇌전동(하가동)","효빈광역시 탄성군 야진읍 아득리","효빈광역시 안천구 뇌전동(하가동) | 효빈광역시 안천구 안천5동(안천동) | 효빈광역시 안천구 백합동(상점동) | 효빈광역시 탄성군 도변읍 요우리 | 효빈광역시 탄성군 도변읍 도변리 | 효빈광역시 탄성군 도변읍 조일리 | 효빈광역시 탄성군 야진읍 신리 | 효빈광역시 탄성군 야진읍 미우리 | 효빈광역시 탄성군 야진읍 원심리 | 효빈광역시 탄성군 야진읍 아득리 | 효빈광역시 안천구 안천7동(안천동) | 효빈광역시 안천구 백합동","[-29186,30261]; [-29456,30843]; [-30170,32168]; [-30352,32565]; [-30537,32617]; [-32250,32925]; [-32425,32990]; [-32942,33523]; [-33319,33949]; [-33647,34443]; [-33910,34664]; [-34241,34924]; [-34248,34905]; [-34519,35038]; [-35021,35077]; [-35973,35796]; [-36318,36087]; [-36677,36175]; [-37573,36136]; [-38691,37116]; [-39552,37584]; [-40098,37692]; [-40694,37574]; [-41452,37328]"
"악부로","#7777aa","3528m","효빈광역시 안천구 악부동(타천동)","효빈광역시 안천구 백합동(상점동)","효빈광역시 안천구 악부동(타천동) | 효빈광역시 안천구 백합동(상점동) | 효빈광역시 안천구 악부동(팔망성동)","[-27717,33218]; [-30589,33215]; [-31041,32740]"
"안주로","#7777aa","5456m","효빈광역시 안천구 백합동(상점동)","효빈광역시 안천구 이자3동(이자동)","효빈광역시 안천구 백합동(상점동) | 효빈광역시 안천구 이십기동(추자동) | 효빈광역시 안천구 이십기동 | 효빈광역시 안천구 이자3동(이자동) | 효빈광역시 안천구 악부동 | 효빈광역시 안천구 이자3동(탄자동)","[-30343,32584]; [-29712,34595]; [-29332,35840]; [-29319,37887]"
"아진로","#7777aa","2579m","효빈광역시 북구 채산동(곡진동)","효빈광역시 북구 채산동(아진동)","효빈광역시 북구 채산동(곡진동) | 효빈광역시 북구 채산동(평전동) | 효빈광역시 북구 채산동(아진동) | 효빈광역시 북구 채산동(아자동)","[-25240,29259]; [-26628,29253]; [-26962,29884]; [-27010,29914]; [-27416,29805]"
"이자로","#7777aa","13135m","효빈광역시 북구 채산동(아자동)","효빈광역시 탄성군 도변읍 조일리","효빈광역시 북구 채산동(아자동) | 효빈광역시 안천구 악부동(천본동) | 효빈광역시 안천구 악부동(광상동) | 효빈광역시 안천구 이십기동 | 효빈광역시 안천구 창건동 | 효빈광역시 탄성군 도변읍 잠재리 | 효빈광역시 탄성군 도변읍 조일리 | 효빈광역시 탄성군 도변읍 도변리 | 효빈광역시 안천구 악부동(군청동) | 효빈광역시 안천구 이십기동(리의동)","[-26295,30617]; [-26295,33916]; [-26313,35025]; [-26446,35510]; [-27022,35722]; [-28902,35692]; [-29290,35832]; [-30223,35832]; [-30611,35722]; [-32770,35692]; [-33346,35698]; [-33467,35353]; [-33552,35007]; [-33855,34692]; [-33934,34655]"
"어간로","#7777aa","10507m","효빈광역시 남구 항2동(항동2가)","효빈광역시 남구 항1동(항동1가)","효빈광역시 남구 항2동(항동2가) | 효빈광역시 남구 항2동(항동1가) | 효빈광역시 남구 어간1동(어간동) | 효빈광역시 남구 어간2동(어간동) | 효빈광역시 남구 항4동(항동1가) | 효빈광역시 남구 항1동(항동1가)","[-28778,2629]; [-28952,2818]; [-29040,3165]; [-29549,3762]; [-29751,3997]; [-29915,4309]; [-30010,4691]; [-30193,5221]; [-30396,5552]; [-30600,5887]; [-30796,6186]; [-31122,6673]; [-31316,7015]; [-31579,7783]; [-31641,8638]; [-31620,9821]; [-31628,10939]; [-31622,11909]; [-31624,12342]"
"동신로","#7777aa","1219m","효빈광역시 남구 월천동","효빈광역시 남구 월천동(박산동)","효빈광역시 남구 월천동 | 효빈광역시 남구 월천동(박산동)","[-31246,12734]; [-32465,12727]"
"오주로","#7777aa","4592m","효빈광역시 남구 항1동(항동1가)","효빈광역시 청엽구 입빈동(효빈동1가)","효빈광역시 남구 항1동(항동1가) | 효빈광역시 남구 월천동 | 효빈광역시 청엽구 입빈동(입동3가) | 효빈광역시 청엽구 입빈동(효빈동1가)","[-31758,12195]; [-31765,14939]; [-31761,15370]; [-31692,15935]; [-31361,16715]"
"청엽로","#7777aa","15721m","효빈광역시 청엽구 입빈동(효빈동1가)","효빈광역시 탄성군 도변읍 요우리","효빈광역시 청엽구 입빈동(효빈동1가) | 효빈광역시 청엽구 비마리동(사노동) | 효빈광역시 청엽구 청엽6동(청엽동) | 효빈광역시 청엽구 청엽1동(청엽동) | 효빈광역시 청엽구 우택동 | 효빈광역시 창전구 진백동 | 효빈광역시 창전구 진백동(시로동) | 효빈광역시 탄성군 흑택면 흑택리 | 효빈광역시 탄성군 흑택면 루비리 | 효빈광역시 탄성군 도변읍 요우리 | 효빈광역시 청엽구 동리동 | 효빈광역시 청엽구 청엽3동(청엽동)","[-31382,17787]; [-31350,21381]; [-31465,22213]; [-31660,22683]; [-31740,22902]; [-31744,23251]; [-31806,23386]; [-31887,23390]; [-31897,24877]; [-31893,26176]; [-31921,27851]; [-31893,28819]; [-31890,30382]; [-31925,32294]; [-31907,33178]; [-32082,33203]"
"입선로","#7777aa","3054m","효빈광역시 북구 진희동","효빈광역시 북구 천왕사동","효빈광역시 북구 진희동 | 효빈광역시 북구 청능동(입선동) | 효빈광역시 북구 천왕사동","[-23935,20878]; [-26375,20857]; [-26989,20878]"
"청능도매시장로","#7777aa","1951m","효빈광역시 북구 청능동","효빈광역시 북구 청능동(입희동)","효빈광역시 북구 청능동 | 효빈광역시 북구 청능동(입희동) | 효빈광역시 북구 청능동(입선동)","[-26174,19832]; [-26170,21783]"
"고화로","#7777aa","1605m","효빈광역시 북구 고송7동(고송동)","효빈광역시 북구 청능동","효빈광역시 북구 고송7동(고송동) | 효빈광역시 북구 청능동","[-23960,20034]; [-25565,20016]"
"이남로","#7777aa","3746m","효빈광역시 북구 진희동","효빈광역시 북구 천왕사동(해서동)","효빈광역시 북구 진희동 | 효빈광역시 북구 청능동(입선동) | 효빈광역시 북구 천왕사동(해서동) | 효빈광역시 북구 천왕사동","[-23961,20462]; [-25909,20462]; [-26235,20617]; [-27672,20629]"
"청능로","#7777aa","2385m","효빈광역시 고송6동(고송동)","효빈광역시 북구 소조동","효빈광역시 고송6동(고송동) | 효빈광역시 북구 소조동 | 효빈광역시 북구 고송8동(고송동)","[-23661,19189]; [-26046,19185]"
"북효빈로","#7777aa","1450m","효빈광역시 북구 청능동","효빈광역시 북구 사능2동(사능동2가)","효빈광역시 북구 청능동 | 효빈광역시 북구 사능2동(사능동2가) | 효빈광역시 북구 천왕사동","[-25792,19516]; [-27242,19532]"
"창선2로","#7777aa","3913m","효빈광역시 중구 중앙동(심동2가)","효빈광역시 청엽구 등동","효빈광역시 중구 중앙동(심동2가) | 효빈광역시 중구 중앙동(창선동2가) | 효빈광역시 중구 중앙동(원동1가) | 효빈광역시 중구 유내동(경동) | 효빈광역시 청엽구 등동 | 효빈광역시 중구 중앙동(창선동3가) | 효빈광역시 중구 중앙동(원동2가) | 효빈광역시 중구 중정동(오석동) | 효빈광역시 청엽구 입빈동(효빈동1가)","[-29903,15918]; [-30084,15969]; [-30447,16456]; [-30526,16999]; [-30599,17502]; [-30718,17808]; [-32450,17802]"
"내항남북로","#7777aa","4810m","효빈광역시 중구 내항동","효빈광역시 남구 월천동(포장동)","효빈광역시 중구 내항동 | 효빈광역시 중구 내항동(명일동) | 효빈광역시 남구 월천동(포장동) | 효빈광역시 남구 월천동(신흥동)","[-29371,13265]; [-30373,13271]; [-30571,13429]; [-34125,13390]"
"해안남북로","#7777aa","16580m","효빈광역시 남구 항2동(항동2가)","효빈광역시 남구 곽산2동(곽산동)","효빈광역시 남구 항2동(항동2가) | 효빈광역시 남구 항2동(항동1가) | 효빈광역시 남구 어간1동(어간동) | 효빈광역시 남구 어간2동(어간동) | 효빈광역시 남구 어간3동(어간동) | 효빈광역시 남구 평당3동(평당동) | 효빈광역시 남구 평당4동(평당동) | 효빈광역시 남구 곽산2동(곽산동)","[-28248,1255]; [-28448,1255]; [-28855,1758]; [-29377,2856]; [-29940,2837]; [-30316,3341]; [-30486,3801]; [-30510,4038]; [-30789,4250]; [-31044,4596]; [-31311,4717]; [-31699,5172]; [-31657,6033]; [-32300,7051]; [-32482,7354]; [-32834,7591]; [-33089,8009]; [-33210,8197]; [-33422,8306]; [-34332,8288]; [-34787,7942]; [-34896,7870]; [-36104,7857]; [-36116,7445]; [-36783,7427]; [-36777,7184]; [-38706,7166]; [-38998,7191]; [-39022,6427]"
"평당대로","#7777aa","6780m","효빈광역시 남구 항4동(항동3가)","효빈광역시 남구 곽산1동(곽산동)","효빈광역시 남구 항4동(항동3가) | 효빈광역시 남구 곽산1동(곽산동) | 효빈광역시 남구 평당5동(평당동)","[-31203,9881]; [-37983,9868]"
"곽산로","#7777aa","11242m","효빈광역시 남구 곽산2동(곽산동)","효빈광역시 남구 어간3동(운양동)","효빈광역시 남구 곽산2동(곽산동) | 효빈광역시 남구 곽산1동(곽산동) | 효빈광역시 남구 평당7동(평당동) | 효빈광역시 남구 어간3동(운양동) | 효빈광역시 남구 평당6동(평당동)","[-39034,6737]; [-39374,7292]; [-39566,7654]; [-40081,7620]; [-40087,8118]; [-39470,8084]; [-39300,8208]; [-38729,8208]; [-37942,9945]; [-37449,10691]; [-32482,10691]"
"당찬로","#7777aa","9618m","효빈광역시 청엽구 입빈동(입동1가)","효빈광역시 창전구 쌍엽1동(쌍엽동)","효빈광역시 청엽구 입빈동(입동1가) | 효빈광역시 청엽구 등동 | 효빈광역시 청엽구 마잡2동(마잡동) | 효빈광역시 청엽구 우전1동(우전동) | 효빈광역시 창전구 쌍엽2동(쌍엽동) | 효빈광역시 창전구 쌍엽1동(쌍엽동) | 효빈광역시 청엽구 마잡2동(서증동)","[-32474,15386]; [-33034,15402]; [-32970,20522]; [-32962,22336]; [-33466,22880]; [-33609,22976]; [-34818,22992]"
"창전로","#7777aa","12317m","효빈광역시 청엽구 마잡2동(헌이송동)","효빈광역시 탄성군 탄성읍 고무리","효빈광역시 청엽구 마잡2동(헌이송동) | 효빈광역시 창전구 쌍엽1동(쌍엽동) | 효빈광역시 창전구 광정동(보통동) | 효빈광역시 창전구 광정동(마시동) | 효빈광역시 탄성군 흑택면 고무리 | 효빈광역시 탄성군 흑택면 명현리 | 효빈광역시 탄성군 탄성읍 고무리 | 효빈광역시 창전구 동곡동 | 효빈광역시 창전구 창전2동(창전동)","[-34458,18112]; [-34450,23008]; [-34306,23224]; [-34330,26944]; [-35146,28064]; [-35203,28888]; [-35179,29432]; [-35251,29512]; [-35826,29560]"
"엽월대로","#7777aa","9094m","효빈광역시 청엽구 입빈동(입동1가)","효빈광역시 창전구 팔조동","효빈광역시 청엽구 입빈동(입동1가) | 효빈광역시 청엽구 등동 | 효빈광역시 청엽구 마잡2동(헌이송동) | 효빈광역시 창전구 동곡동(투자동) | 효빈광역시 창전구 팔조동 | 효빈광역시 창전구 동곡동","[-32489,15992]; [-32713,16024]; [-34058,17808]; [-34274,17832]; [-34843,19352]; [-35666,20968]; [-35874,21280]; [-36403,21808]; [-36555,22184]; [-36507,22616]; [-35874,22608]; [-35882,22992]"
"고성로","#7777aa","7691m","효빈광역시 남구 평당3동(평당동)","효빈광역시 중구 약맥동","효빈광역시 남구 평당3동(평당동) | 효빈광역시 남구 고당동(고간동) | 효빈광역시 남구 월천동(신흥동) | 효빈광역시 중구 약맥동 | 효빈광역시 남구 평당2동(평당동) | 효빈광역시 남구 월천동(박산동) | 효빈광역시 남구 월천동","[-33682,8264]; [-33698,11864]; [-32482,13912]; [-32265,14128]; [-31289,15136]"
"청엽북로","#7777aa","6817m","효빈광역시 청엽구 청엽2동(청엽동)","효빈광역시 안천구 뇌전동(상가동)","효빈광역시 청엽구 청엽2동(청엽동) | 효빈광역시 청엽구 청엽4동(청엽동) | 효빈광역시 청엽구 우택동 | 효빈광역시 안천구 뇌전동(상가동) | 효빈광역시 창전구 진백동","[-31491,23344]; [-30754,24168]; [-30682,24976]; [-30690,29320]; [-31050,29744]"
"문천로","#7777aa","6536m","효빈광역시 안천구 북택동","효빈광역시 창전구 창전4동(창전동)","효빈광역시 안천구 북택동 | 효빈광역시 창전구 광정동(생덕동) | 효빈광역시 창전구 창전4동(창전동) | 효빈광역시 창전구 진백동 | 효빈광역시 창전구 창전5동(창전동)","[-29289,26328]; [-34930,26336]; [-35547,25688]"
"창전구청로","#7777aa","993m","효빈광역시 창전구 창전4동(창전동)","효빈광역시 창전구 창전3동(창전동)","효빈광역시 창전구 창전4동(창전동) | 효빈광역시 창전구 창전3동(창전동)","[-35003,24984]; [-34426,25792]"
"구락로","#7777aa","13038m","효빈광역시 청엽구 마잡2동(헌이송동)","효빈광역시 탄성군 흑택면 흑택리","효빈광역시 청엽구 마잡2동(헌이송동) | 효빈광역시 창전구 쌍엽2동(쌍엽동) | 효빈광역시 창전구 광정동(보통동) | 효빈광역시 탄성군 흑택면 명현리 | 효빈광역시 탄성군 흑택면 흑택리 | 효빈광역시 청엽구 마잡2동(마잡동) | 효빈광역시 창전구 창전2동(창전동) | 효빈광역시 창전구 광정동(마시동)","[-34130,17760]; [-34050,22720]; [-34090,27224]; [-33746,28480]; [-33002,29072]; [-31682,29048]"
"노산로","#7777aa","3877m","효빈광역시 청엽구 비마리동(사노동)","효빈광역시 창전구 동곡동(투자동)","효빈광역시 청엽구 비마리동(사노동) | 효빈광역시 창전구 동곡동(투자동) | 효빈광역시 청엽구 마잡2동(서증동)","[-31714,20856]; [-31722,20864]; [-35588,20872]"
"외초로","#7777aa","1830m","효빈광역시 청엽구 청엽4동(청엽동)","효빈광역시 청엽구 청엽6동(청엽동)","효빈광역시 청엽구 청엽4동(청엽동) | 효빈광역시 청엽구(청엽동) | 효빈광역시 청엽구 청엽6동(청엽동) | 효빈광역시 청엽구 청엽5동(청엽동)","[-30977,23344]; [-31025,22296]; [-31362,21592]"
"송남로","#7777aa","2451m","효빈광역시 동구 사가당2동(사가당동)","효빈광역시 청엽구 우전1동(우전동)","효빈광역시 동구 사가당2동(사가당동) | 효빈광역시 청엽구 비마리동(사노동) | 효빈광역시 청엽구 청엽1동(청엽동) | 효빈광역시 청엽구 우전1동(우전동) | 효빈광역시 청엽구 청엽6동(청엽동)","[-30665,21344]; [-31394,21344]; [-32106,21576]; [-32810,22248]"
"구남로","#7777aa","2908m","효빈광역시 청엽구 청엽6동(청엽동)","효빈광역시 청엽구 청엽1동(청엽동)","효빈광역시 청엽구 청엽6동(청엽동) | 효빈광역시 청엽구 비마리동(사노동) | 효빈광역시 청엽구 청엽1동(청엽동)","[-31498,22248]; [-31674,20880]; [-32250,22296]"
"칠심중앙로","#7777aa","4015m","효빈광역시 청엽구 우전3동(우전동)","효빈광역시 창전구 진백동(시로동)","효빈광역시 청엽구 우전3동(우전동) | 효빈광역시 창전구 칠심2동(칠심동) | 효빈광역시 창전구 칠심3동(칠심동) | 효빈광역시 창전구 광정동 | 효빈광역시 창전구 진백동(시로동) | 효빈광역시 창전구 유류동","[-32690,23800]; [-32658,24216]; [-33051,25416]; [-33042,26112]; [-32898,26640]; [-32818,26920]; [-32738,27424]; [-32602,27680]"
"관서대로","#7777aa","2487m","효빈광역시 창전구 광정동(생덕동)","효빈광역시 창전구 진백동(시로동)","효빈광역시 창전구 광정동(생덕동) | 효빈광역시 창전구 광정동(보통동) | 효빈광역시 창전구 광정동 | 효빈광역시 창전구 진백동(시로동)","[-34915,26352]; [-34299,27048]; [-34035,27136]; [-33034,27096]; [-32802,26944]"
"우난로","#7777aa","5605m","효빈광역시 창전구 유류동","효빈광역시 안천구 뇌전동(상가동)","효빈광역시 창전구 유류동 | 효빈광역시 창전구 진백동(시로동) | 효빈광역시 탄성군 흑택면 흑택리 | 효빈광역시 안천구 뇌전동(상가동) | 효빈광역시 창전구 칠심3동(칠심동)","[-32770,24656]; [-32706,26832]; [-32418,27064]; [-31897,28336]; [-31657,29024]; [-31089,29792]"
"우개로","#7777aa","1243m","효빈광역시 동구 덕현5동(덕현동)","효빈광역시 동구 덕현6동(덕현동)","효빈광역시 동구 덕현5동(덕현동) | 효빈광역시 동구 덕현6동(덕현동)","[-29960,22864]; [-30312,24056]"
"우전석로","#7777aa","3197m","효빈광역시 창전구 동곡동","효빈광역시 청엽구 우전2동(우전동)","효빈광역시 창전구 동곡동 | 효빈광역시 창전구 쌍엽2동(쌍엽동) | 효빈광역시 청엽구 우전2동(우전동) | 효빈광역시 창전구 유류동","[-34042,21600]; [-33577,22768]; [-32713,23728]; [-32473,23584]; [-32200,23336]"
"쌍엽로","#7777aa","2516m","효빈광역시 창전구 쌍엽2동(쌍엽동)","효빈광역시 창전구 팔조동","효빈광역시 창전구 쌍엽2동(쌍엽동) | 효빈광역시 창전구 팔조동 | 효빈광역시 창전구 쌍엽1동(쌍엽동)","[-33481,22696]; [-33441,22624]; [-35875,22608]"
"팔삼로","#7777aa","3528m","효빈광역시 창전구 동곡동","효빈광역시 창전구 팔조동","효빈광역시 창전구 동곡동 | 효빈광역시 창전구 팔조동 | 효빈광역시 창전구 동곡동(투자동)","[-34426,20312]; [-35226,20296]; [-35218,23024]"
"팔조로","#7777aa","2353m","효빈광역시 창전구 팔조동","효빈광역시 창전구 쌍엽2동(쌍엽동)","효빈광역시 창전구 팔조동 | 효빈광역시 창전구 쌍엽2동(쌍엽동)","[-36435,21968]; [-34082,21960]"
"구한로","#7777aa","2531m","효빈광역시 창전구 동곡동(투자동)","효빈광역시 창전구 팔조동","효빈광역시 창전구 동곡동(투자동) | 효빈광역시 창전구 팔조동","[-35555,20920]; [-35547,22936]; [-35442,23440]"
"대도로","#7777aa","1290m","효빈광역시 창전구 팔조동","효빈광역시 창전구 팔조동","효빈광역시 창전구 팔조동","[-35889,21319]; [-35877,22609]"
"뇌전로","#7777aa","6542m","효빈광역시 동구 덕현5동(덕현동)","효빈광역시 안천구 뇌전동(하가동)","효빈광역시 동구 덕현5동(덕현동) | 효빈광역시 청엽구 우택동 | 효빈광역시 안천구 북택동(하구동) | 효빈광역시 안천구 뇌전동 | 효빈광역시 안천구 뇌전동(하가동) | 효빈광역시 동구 덕현11동(덕현동) | 효빈광역시 안천구 뇌전동(치장동)","[-29787,23342]; [-29775,25282]; [-29800,26877]; [-29333,28653]; [-29340,29823]"
"하마로","#7777aa","4974m","효빈광역시 안천구 뇌전동","효빈광역시 탄성군 흑택면 명현리","효빈광역시 안천구 뇌전동 | 효빈광역시 안천구 뇌전동(치장동) | 효빈광역시 탄성군 흑택면 명현리 | 효빈광역시 창전구 진백동(시로동)","[-29351,28483]; [-29327,28023]; [-33840,28041]"
"괴신로","#7777aa","2174m","효빈광역시 청엽구 마잡1동(마잡동)","효빈광역시 청엽구 마잡2동(헌이송동)","효빈광역시 청엽구 마잡1동(마잡동) | 효빈광역시 청엽구 마잡2동(헌이송동)","[-32438,18860]; [-34612,18849]"
"곽산동서1로","#7777aa","1002m","효빈광역시 남구 곽산2동(곽산동)","효빈광역시 남구 곽산1동(곽산동)","효빈광역시 남구 곽산2동(곽산동) | 효빈광역시 남구 곽산1동(곽산동)","[-38726,7191]; [-38717,8193]"
"곽산동서2로","#7777aa","1154m","효빈광역시 남구 곽산1동(곽산동)","효빈광역시 남구 곽산2동(곽산동)","효빈광역시 남구 곽산1동(곽산동) | 효빈광역시 남구 곽산2동(곽산동)","[-39200,8179]; [-39177,7025]"
"곽산남북1로","#7777aa","786m","효빈광역시 남구 곽산2동(곽산동)","효빈광역시 남구 곽산1동(곽산동)","효빈광역시 남구 곽산2동(곽산동) | 효빈광역시 남구 곽산1동(곽산동)","[-38745,7632]; [-39531,7627]"
"곽암로","#7777aa","2615m","효빈광역시 남구 곽산2동(곽산동)","효빈광역시 남구 곽산2동(곽산동)","효빈광역시 남구 곽산2동(곽산동)","[-36800,7430]; [-39415,7416]"
"곽산공단로","#7777aa","3294m","효빈광역시 남구 곽산2동(곽산동)","효빈광역시 남구 곽산1동(곽산동)","효빈광역시 남구 곽산2동(곽산동) | 효빈광역시 남구 곽산1동(곽산동)","[-37526,7228]; [-37517,10522]"
"평곡로","#7777aa","3162m","효빈광역시 남구 곽산2동(곽산동)","효빈광역시 남구 평당7동(평당동)","효빈광역시 남구 곽산2동(곽산동) | 효빈광역시 남구 평당7동(평당동)","[-36801,7462]; [-36796,10624]"
"회산로","#7777aa","1917m","효빈광역시 남구 곽산2동(곽산동)","효빈광역시 남구 곽산1동(곽산동)","효빈광역시 남구 곽산2동(곽산동) | 효빈광역시 남구 곽산1동(곽산동)","[-36776,8272]; [-38693,8276]"
"남당로","#7777aa","7828m","효빈광역시 남구 항4동(항동3가)","효빈광역시 남구 곽산1동(곽산동)","효빈광역시 남구 항4동(항동3가) | 효빈광역시 남구 곽산1동(곽산동) | 효빈광역시 남구(평당동)","[-30573,8964]; [-38401,8956]"
"평당동서1로","#7777aa","3244m","효빈광역시 남구 곽산2동(곽산동)","효빈광역시 남구 평당7동(평당동)","효빈광역시 남구 곽산2동(곽산동) | 효빈광역시 남구 평당7동(평당동)","[-36453,7408]; [-36437,10652]"
"문화로","#7777aa","3664m","효빈광역시 남구 평당4동(평당동)","효빈광역시 남구 평당6동(평당동)","효빈광역시 남구 평당4동(평당동) | 효빈광역시 남구 평당6동(평당동) | 효빈광역시 남구 평당7동(평당동)","[-35961,8504]; [-35997,12168]"
"기지로","#7777aa","1398m","효빈광역시 남구 평당4동(평당동)","효빈광역시 남구 곽산2동(곽산동)","효빈광역시 남구 평당4동(평당동) | 효빈광역시 남구 곽산2동(곽산동)","[-36129,7864]; [-37526,7816]"
"평당중앙로","#7777aa","3456m","효빈광역시 남구 평당4동(평당동)","효빈광역시 남구 평당6동(평당동)","효빈광역시 남구 평당4동(평당동) | 효빈광역시 남구 평당6동(평당동) | 효빈광역시 남구 평당5동(평당동)","[-35449,7872]; [-35445,11328]"
"고간로","#7777aa","3981m","효빈광역시 남구 어간3동(운양동)","효빈광역시 남구 평당7동(평당동)","효빈광역시 남구 어간3동(운양동) | 효빈광역시 남구 평당7동(평당동) | 효빈광역시 남구 평당6동(평당동)","[-32440,11344]; [-36421,11348]"
"평당중앙2로","#7777aa","3999m","효빈광역시 남구 평당4동(평당동)","효빈광역시 남구 평당6동(평당동)","효빈광역시 남구 평당4동(평당동) | 효빈광역시 남구 평당6동(평당동) | 효빈광역시 남구 평당7동(평당동)","[-36133,7892]; [-36125,11504]; [-36169,11888]"
"평당역로","#7777aa","5544m","효빈광역시 남구 평당4동(평당동)","효빈광역시 남구 평당7동(평당동)","효빈광역시 남구 평당4동(평당동) | 효빈광역시 남구 평당6동(평당동) | 효빈광역시 남구 평당7동(평당동) | 효빈광역시 남구 평당5동(평당동)","[-35113,7880]; [-35113,11488]; [-35173,11600]; [-35761,12188]; [-36054,12204]; [-36334,11580]"
"평당동서2로","#7777aa","4270m","효빈광역시 남구 평당4동(평당동)","효빈광역시 남구 평당6동(평당동)","효빈광역시 남구 평당4동(평당동) | 효빈광역시 남구 평당6동(평당동) | 효빈광역시 남구 평당7동(평당동)","[-35760,7880]; [-35755,11522]; [-35765,12150]"
"평당동서3로","#7777aa","3626m","효빈광역시 남구 평당4동(평당동)","효빈광역시 남구 평당6동(평당동)","효빈광역시 남구 평당4동(평당동) | 효빈광역시 남구 평당6동(평당동) | 효빈광역시 남구 평당5동(평당동)","[-34883,7901]; [-34857,11527]"
"이부로","#7777aa","3431m","효빈광역시 남구 평당3동(평당동)","효빈광역시 남구 평당6동(평당동)","효빈광역시 남구 평당3동(평당동) | 효빈광역시 남구 평당6동(평당동) | 효빈광역시 남구 평당5동(평당동)","[-34540,8086]; [-34561,11517]"
"남구청로","#7777aa","3236m","효빈광역시 남구 평당3동(평당동)","효빈광역시 남구 고당동(고간동)","효빈광역시 남구 평당3동(평당동) | 효빈광역시 남구 고당동(고간동) | 효빈광역시 남구 평당6동(평당동)","[-34108,8265]; [-34108,11501]"
"평당북로","#7777aa","6255m","효빈광역시 남구 어간3동(어간동)","효빈광역시 남구 월천동(신흥동)","효빈광역시 남구 어간3동(어간동) | 효빈광역시 남구 월천동(신흥동) | 효빈광역시 남구 고당동(고간동)","[-33232,8223]; [-33253,14478]"
"평당관통로","#7777aa","4070m","효빈광역시 남구 평당5동(평당동)","효빈광역시 남구 어간3동(운양동)","효빈광역시 남구 평당5동(평당동) | 효빈광역시 남구 평당3동(평당동) | 효빈광역시 남구 고당동(평당동) | 효빈광역시 남구 고당동(고간동) | 효빈광역시 남구 어간3동(운양동) | 효빈광역시 남구 평당2동(평당동)","[-34515,8830]; [-34346,9052]; [-34029,9374]; [-33881,9854]; [-33649,10287]; [-33342,11506]; [-32254,11527]"
"고당로","#7777aa","2478m","효빈광역시 남구 항1동(항동1가)","효빈광역시 남구 평당6동(평당동)","효빈광역시 남구 항1동(항동1가) | 효빈광역시 남구 고당동(고간동) | 효빈광역시 남구 평당6동(평당동)","[-32117,11812]; [-34229,11828]; [-34430,11522]"
"청련로","#7777aa","6445m","효빈광역시 남구 어간3동(어간동)","효빈광역시 남구 월천동(신흥동)","효빈광역시 남구 어간3동(어간동) | 효빈광역시 남구 월천동(신흥동) | 효빈광역시 남구 고당동(평당동)","[-32952,8112]; [-32984,13897]; [-33000,14557]"
"우포로","#7777aa","11309m","효빈광역시 남구 어간3동(어간동)","효빈광역시 청엽구 마잡1동(마잡동)","효빈광역시 남구 어간3동(어간동) | 효빈광역시 남구 월천동(박산동) | 효빈광역시 남구 월천동(신흥동) | 효빈광역시 청엽구 마잡1동(마잡동) | 효빈광역시 남구 평당1동(평당동) | 효빈광역시 청엽구 등동","[-32751,7563]; [-32773,12055]; [-32604,12535]; [-32630,15079]; [-32635,18843]"
"기아로","#7777aa","2581m","효빈광역시 남구 항1동(항동1가)","효빈광역시 남구 월천동(포장동)","효빈광역시 남구 항1동(항동1가) | 효빈광역시 남구 월천동(박산동) | 효빈광역시 남구 월천동(포장동) | 효빈광역시 남구 고당동(고간동)","[-31780,12187]; [-32477,12234]; [-32540,12509]; [-34140,12519]"
"운양로","#7777aa","5972m","효빈광역시 남구 어간2동(어간동)","효빈광역시 남구 항1동(항동1가)","효빈광역시 남구 어간2동(어간동) | 효빈광역시 남구 항1동(항동1가) | 효빈광역시 남구 항4동(항동1가)","[-31706,6133]; [-31685,7801]; [-31881,8123]; [-31902,10604]; [-31880,12050]"
"평당남북1로","#7777aa","5738m","효빈광역시 남구 항4동(항동3가)","효빈광역시 남구 평당7동(평당동)","효빈광역시 남구 항4동(항동3가) | 효빈광역시 남구 평당7동(평당동) | 효빈광역시 남구 어간3동(어간동)","[-30386,8540]; [-30375,8550]; [-36098,8513]"
"어간남북로","#7777aa","2997m","효빈광역시 남구 항4동(항동3가)","효빈광역시 남구 어간3동(어간동)","효빈광역시 남구 항4동(항동3가) | 효빈광역시 남구 어간3동(어간동) | 효빈광역시 남구 어간2동(어간동)","[-30259,8360]; [-30608,8091]; [-33164,8112]"
"엽월대병원로","#7777aa","5088m","효빈광역시 남구 항4동(항동3가)","효빈광역시 남구 어간1동(어간동)","효빈광역시 남구 항4동(항동3가) | 효빈광역시 남구 어간1동(어간동) | 효빈광역시 남구 어간2동(어간동)","[-31310,9833]; [-31332,4745]"
"어간항로","#7777aa","2488m","효빈광역시 남구 항3동(항동2가)","효빈광역시 남구 어간2동(어간동)","효빈광역시 남구 항3동(항동2가) | 효빈광역시 남구 어간2동(어간동) | 효빈광역시 남구 어간1동(어간동) | 효빈광역시 남구 항3동(항동1가)","[-29383,6756]; [-30180,6218]; [-30587,5975]; [-31638,6033]"
"충산로","#7777aa","1431m","효빈광역시 남구 항2동(항동2가)","효빈광역시 남구 항2동(항동1가)","효빈광역시 남구 항2동(항동2가) | 효빈광역시 남구 항2동(항동1가)","[-28909,3404]; [-30340,3373]"
"무개로","#7777aa","4725m","효빈광역시 남구 항2동(항동1가)","효빈광역시 남구 항3동(항동3가)","효빈광역시 남구 항2동(항동1가) | 효빈광역시 남구 항3동(항동1가) | 효빈광역시 남구 항3동(항동3가)","[-29495,2776]; [-29506,3774]; [-29643,4555]; [-29675,5711]; [-29886,6328]; [-29886,7453]"
"해양로","#7777aa","2499m","효빈광역시 남구 항3동(항동2가)","효빈광역시 남구 어간1동(어간동)","효빈광역시 남구 항3동(항동2가) | 효빈광역시 남구 항2동(항동1가) | 효빈광역시 남구 어간1동(어간동) | 효빈광역시 남구 항2동(항동2가)","[-29252,5347]; [-29590,5194]; [-31718,5204]"
"해앙로","#7777aa","1774m","효빈광역시 남구 항2동(항동2가)","효빈광역시 남구 항2동(항동2가)","효빈광역시 남구 항2동(항동2가)","[-28249,1309]; [-28265,2233]; [-28318,2317]; [-29068,2296]"
"강무로","#7777aa","2801m","효빈광역시 남구 항2동(항동1가)","효빈광역시 남구 항3동(항동1가)","효빈광역시 남구 항2동(항동1가) | 효빈광역시 남구 항3동(항동1가) | 효빈광역시 남구 항3동(어간동)","[-30377,3547]; [-30324,3774]; [-29886,4909]; [-29875,6260]"
"희산로","#7777aa","2771m","효빈광역시 남구 항2동(항동2가)","효빈광역시 남구 항3동(항동2가)","효빈광역시 남구 항2동(항동2가) | 효빈광역시 남구 항3동(항동2가) | 효빈광역시 남구 항3동(항동1가)","[-29316,4513]; [-29432,5531]; [-29522,5933]; [-29706,6803]; [-29680,7247]"
"항선로","#7777aa","931m","효빈광역시 남구 항2동(항동2가)","효빈광역시 남구 항2동(항동1가)","효빈광역시 남구 항2동(항동2가) | 효빈광역시 남구 항2동(항동1가)","[-29094,4613]; [-29300,4513]; [-30002,4534]"
"어천로","#7777aa","4651m","효빈광역시 남구 어간1동(어간동)","효빈광역시 남구 항4동(항동3가)","효빈광역시 남구 어간1동(어간동) | 효빈광역시 남구 어간2동(어간동) | 효빈광역시 남구 항4동(항동3가)","[-30793,4280]; [-30788,6218]; [-30772,6471]; [-30751,6598]; [-30756,6956]; [-30619,7431]; [-30608,8909]"
"어성로","#7777aa","2725m","효빈광역시 남구 항3동(항동2가)","효빈광역시 남구 어간3동(어간동)","효빈광역시 남구 항3동(항동2가) | 효빈광역시 남구 어간3동(어간동) | 효빈광역시 남구 어간2동(어간동)","[-29510,6983]; [-32235,6967]"
"문간로","#7777aa","2447m","효빈광역시 남구 어간1동(어간동)","효빈광역시 남구 항3동(항동2가)","효빈광역시 남구 어간1동(어간동) | 효빈광역시 남구 항3동(항동2가) | 효빈광역시 남구 항3동(항동1가)","[-30513,4069]; [-30487,5225]; [-30355,5595]; [-29457,5616]"
"구갈로","#7777aa","1988m","효빈광역시 남구 어간1동(어간동)","효빈광역시 남구 어간2동(어간동)","효빈광역시 남구 어간1동(어간동) | 효빈광역시 남구 어간2동(어간동)","[-30324,5582]; [-30504,6028]; [-30512,6958]; [-30602,7052]; [-30594,7374]; [-30610,7498]"
"중항로","#7777aa","1650m","효빈광역시 남구 항4동(항동3가)","효빈광역시 남구 어간2동(어간동)","효빈광역시 남구 항4동(항동3가) | 효빈광역시 남구 어간2동(어간동)","[-30069,7888]; [-30197,7804]; [-31694,7796]"
"괴성로","#7777aa","1463m","효빈광역시 남구 어간2동(어간동)","효빈광역시 남구 어간2동(어간동)","효빈광역시 남구 어간2동(어간동)","[-30471,6481]; [-31934,6497]"
"십덕로","#7777aa","1771m","효빈광역시 중구 내항동","효빈광역시 남구 월천동","효빈광역시 중구 내항동 | 효빈광역시 남구 월천동 | 효빈광역시 중구 고도동(십덕동)","[-30012,13726]; [-31783,13732]"
"현성로","#7777aa","2946m","효빈광역시 남구 월천동","효빈광역시 남구 월천동(포장동)","효빈광역시 남구 월천동 | 효빈광역시 남구 월천동(포장동) | 효빈광역시 남구 월천동(신흥동)","[-31206,14187]; [-31224,14151]; [-34130,14157]"
"고도로","#7777aa","1886m","효빈광역시 중구 고도동","효빈광역시 남구 월천동","효빈광역시 중구 고도동 | 효빈광역시 남구 월천동 | 효빈광역시 중구 고도동(십덕동)","[-29841,14448]; [-31727,14430]"
"내항동서로","#7777aa","1449m","효빈광역시 중구 내항동","효빈광역시 중구 고도동","효빈광역시 중구 내항동 | 효빈광역시 중구 고도동","[-29788,12762]; [-29776,14211]"
"라상로","#7777aa","2039m","효빈광역시 청엽구 등동","효빈광역시 청엽구 마잡2동(헌이송동)","효빈광역시 청엽구 등동 | 효빈광역시 청엽구 마잡2동(헌이송동)","[-32583,17114]; [-33561,18237]; [-34110,18212]"
"케손로","#7777aa","1508m","효빈광역시 북구 진희동","효빈광역시 북구 진희동(입희동)","효빈광역시 북구 진희동 | 효빈광역시 북구 진희동(입희동)","[-23721,22033]; [-23843,22007]; [-24002,22162]; [-24141,22290]; [-24633,22288]; [-24930,22286]; [-25113,22284]"
"소진로","#7777aa","3464m","효빈광역시 북구 진희동","효빈광역시 북구 청능동(입희동)","효빈광역시 북구 진희동 | 효빈광역시 북구 청능동(입희동)","[-23521,22533]; [-23838,22747]; [-24293,22610]; [-24413,22396]; [-24524,21787]; [-24773,21513]; [-24842,21213]; [-25906,21221]"
"고나미로","#7777aa","5517m","효빈광역시 안천구 뇌전동(팔월동)","효빈광역시 탄성군 탄성읍 공리","효빈광역시 안천구 뇌전동(팔월동) | 효빈광역시 탄성군 흑택면 은염리 | 효빈광역시 탄성군 도변읍 계층리 | 효빈광역시 탄성군 탄성읍 공리 | 효빈광역시 탄성군 흑택면 루비리 | 효빈광역시 탄성군 흑택면 보습리","[-31034,30678]; [-31231,31013]; [-31626,31167]; [-33273,31184]; [-33994,31862]; [-34200,31947]; [-36044,31999]"
"탄성남북로","#7777aa","19138m","효빈광역시 탄성군 탄성읍 고무리","효빈광역시 탄성군 서목읍 음일리","효빈광역시 탄성군 탄성읍 고무리 | 효빈광역시 탄성군 탄성읍 탄성리 | 효빈광역시 탄성군 탄성읍 공리 | 효빈광역시 탄성군 탄성읍 미성리 | 효빈광역시 탄성군 탄성읍 성규리 | 효빈광역시 탄성군 서목읍 서목리 | 효빈광역시 탄성군 서목읍 입리 | 효빈광역시 탄성군 서목읍 승남리 | 효빈광역시 탄성군 서목읍 일회리 | 효빈광역시 탄성군 서목읍 파래리 | 효빈광역시 탄성군 서목읍 음일리","[-36476,26623]; [-36485,27180]; [-36348,27480]; [-36382,30884]; [-36485,32402]; [-36622,32951]; [-36751,33028]; [-37309,32959]; [-37712,32685]; [-37926,32496]; [-38484,32436]; [-39745,31639]; [-40509,30927]; [-40655,30481]; [-40637,29281]; [-40809,29092]; [-41513,29101]; [-41509,29108]; [-41613,29117]; [-41908,29449]; [-42181,29471]; [-42561,29462]; [-43074,27876]; [-44045,28201]; [-45010,28516]; [-44864,28916]; [-45059,28981]"
"루비로","#7777aa","1141m","효빈광역시 탄성군 흑택면 루비리","효빈광역시 탄성군 흑택면 은염리","효빈광역시 탄성군 흑택면 루비리 | 효빈광역시 탄성군 흑택면 은염리","[-31862,30310]; [-33003,30327]"
"언성로","#7777aa","2675m","효빈광역시 탄성군 흑택면 은염리","효빈광역시 탄성군 도변읍 도변리","효빈광역시 탄성군 흑택면 은염리 | 효빈광역시 탄성군 도변읍 도변리 | 효빈광역시 탄성군 도변읍 계층리","[-33277,31219]; [-33269,33894]"
"포성로","#7777aa","4701m","효빈광역시 안천구 이십기동(추자동)","효빈광역시 탄성군 도변읍 조일리","효빈광역시 안천구 이십기동(추자동) | 효빈광역시 탄성군 도변읍 조일리 | 효빈광역시 탄성군 도변읍 잠재리","[-29582,35094]; [-34283,35120]"
"요우로","#7777aa","7048m","효빈광역시 탄성군 도변읍 요우리","덕빈북도 선곡군 귀총면 갑부리","효빈광역시 탄성군 도변읍 요우리 | 덕빈북도 선곡군 귀총면 갑부리 | 효빈광역시 탄성군 도변읍 잠재리","[-32113,32916]; [-32139,39964]"
"앵내로","#7777aa","1523m","효빈광역시 안천구 성저동","효빈광역시 탄성군 도변읍 앵내리","효빈광역시 안천구 성저동 | 효빈광역시 탄성군 도변읍 앵내리","[-30826,37709]; [-32001,36740]"
"창건로","#7777aa","3649m","효빈광역시 안천구 이십기동","효빈광역시 탄성군 도변읍 잠재리","효빈광역시 안천구 이십기동 | 효빈광역시 안천구 창건동 | 효빈광역시 탄성군 도변읍 잠재리","[-29333,36680]; [-30165,36706]; [-31058,36715]; [-31607,36569]; [-32962,36552]"
"앵내이자로","#7777aa","12232m","효빈광역시 탄성군 도변읍 잠재리","효빈광역시 안천구 이십기동(리의동)","효빈광역시 탄성군 도변읍 잠재리 | 효빈광역시 탄성군 도변읍 앵내리 | 덕빈북도 선곡군 귀총면 갑부리 | 효빈광역시 안천구 성저동 | 효빈광역시 안천구 이자4동(이자동) | 효빈광역시 안천구 칠채동(서수동) | 효빈광역시 안천구 이십기동(리의동) | 덕빈북도 선곡군 도변읍 갑부리 | 효빈광역시 안천구 칠채동(정치동) | 효빈광역시 안천구 이자1동(신동)","[-33254,35711]; [-32525,37906]; [-32636,38155]; [-32808,38147]; [-32722,39030]; [-32490,39261]; [-31049,39296]; [-28278,39270]; [-27506,38841]; [-27506,35677]"
"창건순환로","#7777aa","2352m","효빈광역시 안천구 이십기동","효빈광역시 안천구 이십기동","효빈광역시 안천구 이십기동 | 효빈광역시 안천구 창건동 | 효빈광역시 안천구 이자3동(탄자동) | 효빈광역시 안천구(탄자동)","[-29419,36668]; [-29522,36402]; [-29710,36303]; [-29950,36355]; [-30109,36569]; [-30156,36822]; [-30088,36938]; [-29972,37028]; [-29817,37088]; [-29590,37045]; [-29449,36912]; [-29414,36702]"
"육각로","#7777aa","1704m","효빈광역시 안천구 창건동","효빈광역시 안천구 창건동","효빈광역시 안천구 창건동 | 효빈광역시 안천구 이십기동(추자동)","[-29710,35454]; [-29831,35218]; [-30114,35227]; [-30255,35493]; [-30139,35733]; [-29835,35716]; [-29706,35463]"
"언산로","#7777aa","4414m","효빈광역시 안천구 창건동","효빈광역시 탄성군 고해읍 전추리","효빈광역시 안천구 창건동 | 효빈광역시 탄성군 고해읍 전추리 | 효빈광역시 안천구 성저동(이자동)","[-30298,35823]; [-30315,40222]; [-30300,40224]"
"개추로","#7777aa","10752m","효빈광역시 안천구 악부동(광상동)","효빈광역시 탄성군 고해읍 은진원리","효빈광역시 안천구 악부동(광상동) | 효빈광역시 탄성군 고해읍 은진원리 | 효빈광역시 안천구 칠채동","[-27081,35696]; [-27066,46448]"
"이자서로","#7777aa","2487m","효빈광역시 탄성군 소원면 윤부리","효빈광역시 안천구 이십기동(리의동)","효빈광역시 탄성군 소원면 윤부리 | 효빈광역시 안천구 이십기동(리의동) | 효빈광역시 안천구 이자1동(신동)","[-25657,36176]; [-26201,36352]; [-28115,36432]"
"이자천가로","#7777aa","9498m","효빈광역시 안천구 이자3동(이자동)","효빈광역시 탄성군 고해읍 정명리","효빈광역시 안천구 이자3동(이자동) | 효빈광역시 안천구 이자4동(이자동) | 효빈광역시 안천구 칠채동(영색무동) | 효빈광역시 안천구 칠채동 | 효빈광역시 안천구 칠채동(능릉동) | 효빈광역시 탄성군 고해읍 이와리 | 효빈광역시 탄성군 고해읍 정명리 | 효빈광역시 안천구 칠채동(융문동) | 효빈광역시 탄성군 고해읍 천가리","[-28818,36016]; [-28626,36400]; [-28562,39432]; [-27929,40368]; [-27729,40800]; [-27617,41744]; [-27529,42176]; [-27129,42992]; [-24999,42984]"
"이자중앙로","#7777aa","13755m","효빈광역시 안천구 이자1동(이자동)","효빈광역시 탄성군 도향면 분음리","효빈광역시 안천구 이자1동(이자동) | 효빈광역시 탄성군 도향면 분음리 | 효빈광역시 탄성군 정근면 익목리 | 효빈광역시 탄성군 정근면 처구리 | 효빈광역시 탄성군 고해읍 이와리","[-27906,37032]; [-27898,48792]; [-27298,49904]; [-27578,50096]; [-27650,50096]; [-27746,50016]; [-27714,49824]"
"국세로","#7777aa","1601m","효빈광역시 안천구 이자1동(신동)","효빈광역시 안천구 이자3동(이자동)","효빈광역시 안천구 이자1동(신동) | 효빈광역시 안천구 이자3동(이자동) | 효빈광역시 안천구 이자1동(이자동)","[-27025,37072]; [-28626,37064]"
"봉선로","#7777aa","1193m","효빈광역시 탄성군 소원면 윤부리","효빈광역시 안천구 이자2동(이자동)","효빈광역시 탄성군 소원면 윤부리 | 효빈광역시 안천구 이자2동(이자동)","[-27017,37768]; [-28210,37744]"
"서수로","#7777aa","970m","효빈광역시 안천구 칠채동(서수동)","효빈광역시 안천구 칠채동(영색무동)","효빈광역시 안천구 칠채동(서수동) | 효빈광역시 안천구 칠채동(영색무동)","[-27097,39104]; [-27906,39640]"
"소원로","#7777aa","1897m","효빈광역시 탄성군 소원면 소원리","효빈광역시 안천구 칠채동(영색무동)","효빈광역시 탄성군 소원면 소원리 | 효빈광역시 안천구 칠채동(영색무동) | 효빈광역시 안천구 칠채동(서수동)","[-26066,39968]; [-27963,39952]"
"소원북로","#7777aa","3652m","효빈광역시 탄성군 소원면 윤부리","효빈광역시 탄성군 소원면 소원리","효빈광역시 탄성군 소원면 윤부리 | 효빈광역시 탄성군 소원면 소원리 | 효빈광역시 탄성군 소원면 라면리","[-25330,36808]; [-25490,37104]; [-25650,38232]; [-25634,40408]"
"부우로","#7777aa","6602m","효빈광역시 탄성군 소원면 소원리","효빈광역시 안천구 칠채동(서수동)","효빈광역시 탄성군 소원면 소원리 | 효빈광역시 탄성군 소원면 라면리 | 효빈광역시 탄성군 정명리 | 효빈광역시 안천구 칠채동 | 효빈광역시 안천구 칠채동(서수동) | 효빈광역시 탄성군 소원면 부우리","[-25602,39736]; [-24777,39816]; [-24505,39968]; [-24377,40160]; [-24425,41352]; [-24689,42088]; [-25106,42016]; [-26731,40568]; [-26723,39912]"
"북항로","#7777aa","2579m","효빈광역시 탄성군 고해읍 이식리","효빈광역시 탄성군 고해읍 천가리","효빈광역시 탄성군 고해읍 이식리 | 효빈광역시 탄성군 고해읍 천가리","[-23959,44104]; [-26538,44112]"
"고해중앙로","#7777aa","4642m","효빈광역시 탄성군 고해읍 이와리","효빈광역시 탄성군 고해읍 고해리","효빈광역시 탄성군 고해읍 이와리 | 효빈광역시 탄성군 고해읍 고해리","[-26746,43032]; [-26714,44600]; [-27018,44920]; [-28191,44952]; [-28189,44602]; [-27080,44595]"
"사로","#7777aa","2246m","효빈광역시 안천구 칠채동(정치동)","효빈광역시 안천구 칠채동(남동)","효빈광역시 안천구 칠채동(정치동) | 효빈광역시 안천구 칠채동(남동)","[-29370,39330]; [-29361,41576]"
"이와로","#7777aa","2308m","효빈광역시 탄성군 고해읍 이와리","효빈광역시 탄성군 고해읍 장심리","효빈광역시 탄성군 고해읍 이와리 | 효빈광역시 탄성군 고해읍 장심리","[-27191,42991]; [-29499,43008]"
"천가로","#7777aa","4313m","효빈광역시 탄성군 고해읍 천가리","효빈광역시 탄성군 도향면 영왕리","효빈광역시 탄성군 고해읍 천가리 | 효빈광역시 탄성군 도향면 영왕리 | 효빈광역시 탄성군 고해읍 고해리","[-25982,43008]; [-26025,47321]"
"고해해안로","#7777aa","7565m","효빈광역시 탄성군 소원면 소원리","효빈광역시 탄성군 고해읍 은진원리","효빈광역시 탄성군 소원면 소원리 | 효빈광역시 탄성군 고해읍 이식리 | 효빈광역시 탄성군 도향면 시초리 | 효빈광역시 탄성군 고해읍 은진원리 | 효빈광역시 탄성군 고해읍 정명리 | 효빈광역시 탄성군 고해읍 은염리","[-25030,42048]; [-25013,45803]; [-25167,46438]; [-25510,46429]; [-28323,46429]"
"천가중앙로","#7777aa","1836m","효빈광역시 탄성군 고해읍 천가리","효빈광역시 탄성군 고해읍 이식리","효빈광역시 탄성군 고해읍 천가리 | 효빈광역시 탄성군 고해읍 이식리","[-25895,42434]; [-25484,42897]; [-25492,44114]"
"중수중앙로","#7777aa","2818m","효빈광역시 북구 중수2동(중수동)","효빈광역시 북구 채산동(실본동)","효빈광역시 북구 중수2동(중수동) | 효빈광역시 북구 채산동(실본동) | 효빈광역시 북구 중수3동(중수동)","[-24802,26640]; [-27620,26640]"
"이산로","#7777aa","974m","효빈광역시 탄성군 흑택면 명현리","효빈광역시 탄성군 흑택면 명현리","효빈광역시 탄성군 흑택면 명현리","[-33500,29804]; [-34058,29006]"
"낭월로","#7777aa","2334m","효빈광역시 탄성군 흑택면 명현리","효빈광역시 탄성군 탄성읍 고무리","효빈광역시 탄성군 흑택면 명현리 | 효빈광역시 탄성군 탄성읍 고무리 | 효빈광역시 창전구 광정동(마시동)","[-33757,28518]; [-34118,28989]; [-35859,28981]"
"고무로","#7777aa","5000m","효빈광역시 창전구 광정동(생덕동)","효빈광역시 탄성군 탄성읍 탄성리","효빈광역시 창전구 광정동(생덕동) | 효빈광역시 탄성군 탄성읍 탄성리 | 효빈광역시 탄성군 탄성읍 고무리","[-35859,26280]; [-35825,30653]; [-36031,30970]; [-36039,31219]"
"탄성해안로","#7777aa","6063m","효빈광역시 탄성군 탄성읍 고무리","효빈광역시 탄성군 서목읍 서목리","효빈광역시 탄성군 탄성읍 고무리 | 효빈광역시 탄성군 탄성읍 무성리 | 효빈광역시 탄성군 탄성읍 명무리 | 효빈광역시 탄성군 탄성읍 성규리 | 효빈광역시 탄성군 서목읍 서목리","[-36374,28235]; [-38184,28278]; [-38150,30318]; [-38321,30558]; [-38785,30610]; [-39660,31767]"
"탄성중앙로","#7777aa","2540m","효빈광역시 탄성군 흑택면 명현리","효빈광역시 탄성군 탄성읍 명무리","효빈광역시 탄성군 흑택면 명현리 | 효빈광역시 탄성군 탄성읍 명무리 | 효빈광역시 탄성군 탄성읍 탄성리","[-35730,29701]; [-38269,29761]"
"탄성역로","#7777aa","3734m","효빈광역시 탄성군 탄성읍 고무리","효빈광역시 탄성군 탄성읍 탄성리","효빈광역시 탄성군 탄성읍 고무리 | 효빈광역시 탄성군 탄성읍 탄성리","[-37094,26803]; [-37085,28475]; [-36665,29615]; [-36433,30430]"
"탄성군청로","#7777aa","7892m","효빈광역시 탄성군 탄성읍 무성리","효빈광역시 탄성군 야진읍 신리","효빈광역시 탄성군 탄성읍 무성리 | 효빈광역시 탄성군 탄성읍 탄성리 | 효빈광역시 탄성군 탄성읍 공리 | 효빈광역시 탄성군 야진읍 신리","[-37643,28852]; [-37197,29418]; [-37000,29855]; [-36708,30618]; [-36691,33088]; [-36554,33191]; [-36554,34408]; [-36547,34431]; [-36505,35121]; [-35308,35121]; [-35245,35204]"
"대광원로","#7777aa","5224m","효빈광역시 탄성군 야진읍 신리","효빈광역시 탄성군 야진읍 아득리","효빈광역시 탄성군 야진읍 신리 | 효빈광역시 탄성군 야진읍 아득리 | 효빈광역시 탄성군 야진읍 야진리","[-36512,35183]; [-36512,35364]; [-40766,35357]; [-41448,35754]"
"망한로","#7777aa","8770m","효빈광역시 탄성군 야진읍 신리","효빈광역시 탄성군 야진읍 원심리","효빈광역시 탄성군 야진읍 신리 | 효빈광역시 탄성군 야진읍 미우리 | 효빈광역시 탄성군 야진읍 원심리","[-36709,34473]; [-36730,37231]; [-36508,38199]; [-36508,39013]; [-36055,40176]; [-37322,40538]; [-37468,40880]; [-37489,42147]"
"유방로","#7777aa","6496m","효빈광역시 탄성군 야진읍 원심리","효빈광역시 탄성군 야진읍 원심리","효빈광역시 탄성군 야진읍 원심리","[-36074,38930]; [-38775,39787]; [-39415,41270]; [-40390,41124]; [-40898,41124]; [-41448,41180]"
"아율로","#7777aa","1732m","효빈광역시 탄성군 탄성읍 고무리","효빈광역시 탄성군 탄성읍 고무리","효빈광역시 탄성군 탄성읍 고무리","[-36142,27935]; [-36107,29667]"
"상루로","#7777aa","1097m","효빈광역시 탄성군 탄성읍 탄성리","효빈광역시 탄성군 탄성읍 미성리","효빈광역시 탄성군 탄성읍 탄성리 | 효빈광역시 탄성군 탄성읍 미성리","[-36716,31604]; [-37136,31896]; [-37720,31930]"
"공리로","#7777aa","1211m","효빈광역시 탄성군 탄성읍 공리","효빈광역시 탄성군 탄성읍 공리","효빈광역시 탄성군 탄성읍 공리","[-35995,33705]; [-37205,33662]"
"야진로","#7777aa","5681m","효빈광역시 탄성군 탄성읍 미성리","효빈광역시 탄성군 야진읍 원심리","효빈광역시 탄성군 탄성읍 미성리 | 효빈광역시 탄성군 야진읍 야진리 | 효빈광역시 탄성군 야진읍 원심리 | 효빈광역시 탄성군 야진읍 미우리","[-37591,32788]; [-37849,33199]; [-38398,33697]; [-38449,34451]; [-38475,34473]; [-38552,36075]; [-38573,38136]"
"성규로","#7777aa","1735m","효빈광역시 탄성군 탄성읍 명무리","효빈광역시 탄성군 탄성읍 성규리","효빈광역시 탄성군 탄성읍 명무리 | 효빈광역시 탄성군 탄성읍 성규리","[-38072,31630]; [-38526,31133]; [-39247,31913]"
"안원로","#7777aa","3846m","효빈광역시 탄성군 탄성읍 성규리","효빈광역시 탄성군 서목읍 서목리","효빈광역시 탄성군 탄성읍 성규리 | 효빈광역시 탄성군 야진읍 야진리 | 효빈광역시 탄성군 서목읍 서목리","[-38466,31141]; [-38578,32428]; [-38698,33311]; [-39101,33208]; [-39702,33019]; [-40191,32642]"
"대백로","#7777aa","1420m","효빈광역시 탄성군 탄성읍 명무리","효빈광역시 탄성군 탄성읍 성규리","효빈광역시 탄성군 탄성읍 명무리 | 효빈광역시 탄성군 탄성읍 성규리","[-38020,31604]; [-38509,32102]; [-39015,31587]"
"창율로","#7777aa","1755m","효빈광역시 탄성군 탄성읍 성규리","효빈광역시 탄성군 서목읍 서목리","효빈광역시 탄성군 탄성읍 성규리 | 효빈광역시 탄성군 서목읍 서목리","[-39024,32179]; [-39453,33216]; [-39676,33808]"
"서목로","#7777aa","4453m","효빈광역시 탄성군 서목읍 입리","효빈광역시 탄성군 서목읍 서목리","효빈광역시 탄성군 서목읍 입리 | 효빈광역시 탄성군 서목읍 서목리","[-41255,30859]; [-41169,31270]; [-40688,32891]; [-40534,33422]; [-40354,33499]; [-40011,33757]; [-39487,33937]; [-38912,33731]"
"과학로","#7777aa","3050m","효빈광역시 탄성군 서목읍 서목리","효빈광역시 탄성군 서목읍 소춘리","효빈광역시 탄성군 서목읍 서목리 | 효빈광역시 탄성군 서목읍 입리 | 효빈광역시 탄성군 서목읍 소춘리","[-39832,31488]; [-40034,31848]; [-40265,32114]; [-40184,32649]; [-40467,32984]; [-40556,33238]; [-40515,33418]; [-41081,34054]"
"승남로","#7777aa","2114m","효빈광역시 탄성군 서목읍 승남리","효빈광역시 탄성군 서목읍 승남리","효빈광역시 탄성군 서목읍 승남리","[-41358,28955]; [-41289,29881]; [-41212,30181]; [-40766,30413]; [-40405,30507]"
"사목로","#7777aa","5584m","효빈광역시 탄성군 서목읍 승남리","효빈광역시 탄성군 서목읍 일회리","효빈광역시 탄성군 서목읍 승남리 | 효빈광역시 탄성군 서목읍 입리 | 효빈광역시 탄성군 서목읍 마희리 | 효빈광역시 탄성군 서목읍 일회리","[-40551,30661]; [-41049,30833]; [-41666,30867]; [-41658,30845]; [-41909,30670]; [-42069,30399]; [-42236,30364]; [-42410,30719]; [-42473,30733]; [-42626,30510]; [-42800,30475]; [-42988,30183]; [-42953,29431]; [-43199,28686]; [-42426,28379]"
"수박로","#7777aa","6617m","효빈광역시 탄성군 서목읍 파래리","효빈광역시 탄성군 서목읍 마희리","효빈광역시 탄성군 서목읍 파래리 | 효빈광역시 탄성군 서목읍 음일리 | 효빈광역시 탄성군 서목읍 마희리 | 효빈광역시 탄성군 서목읍 록구리","[-45044,26450]; [-44654,27578]; [-44306,28532]; [-44320,28936]; [-43889,30155]; [-43854,30677]; [-43304,31478]; [-43199,31548]; [-42712,30886]; [-42475,30761]"
"유두로","#7777aa","4617m","효빈광역시 탄성군 서목읍 승남리","효빈광역시 탄성군 서목읍 음일리","효빈광역시 탄성군 서목읍 승남리 | 효빈광역시 탄성군 서목읍 입리 | 효빈광역시 탄성군 서목읍 마희리 | 효빈광역시 탄성군 서목읍 일회리 | 효빈광역시 탄성군 서목읍 음일리","[-40568,29907]; [-41469,29915]; [-41483,29920]; [-42158,29900]; [-43013,29666]; [-43600,29819]; [-44000,30020]; [-44217,30050]; [-44464,30066]; [-45055,29884]"
"오송로","#7777aa","2463m","효빈광역시 탄성군 흑택면 루비리","효빈광역시 탄성군 탄성읍 탄성리","효빈광역시 탄성군 흑택면 루비리 | 효빈광역시 탄성군 흑택면 은염리 | 효빈광역시 탄성군 탄성읍 탄성리 | 효빈광역시 탄성군 흑택면 보습리","[-33722,31690]; [-34202,31261]; [-36021,31261]"
"요우중앙로","#7777aa","4141m","효빈광역시 탄성군 도변읍 요우리","효빈광역시 탄성군 도변읍 앵내리","효빈광역시 탄성군 도변읍 요우리 | 효빈광역시 탄성군 도변읍 앵내리 | 효빈광역시 탄성군 도변읍 잠재리","[-31620,32822]; [-31671,36963]"
"앵내로","#7777aa","11049m","효빈광역시 탄성군 도변읍 앵내리","효빈광역시 탄성군 야진읍 원심리","효빈광역시 탄성군 도변읍 앵내리 | 덕빈북도 선곡군 귀총면 환내리 | 덕빈북도 선곡군 환내리 | 효빈광역시 탄성군 야진읍 원심리","[-31769,37675]; [-32241,38198]; [-34223,38181]; [-34251,38171]; [-38052,38185]; [-38566,38170]; [-38555,39612]; [-38283,40383]; [-38136,40943]; [-38260,42115]"
"선령로","#7777aa","2203m","효빈광역시 탄성군 도변읍 앵내리","효빈광역시 탄성군 고해읍 전추리","효빈광역시 탄성군 도변읍 앵내리 | 효빈광역시 탄성군 고해읍 전추리","[-31512,37778]; [-31521,39981]"
"앵내역로","#7777aa","959m","효빈광역시 탄성군 도변읍 앵내리","효빈광역시 탄성군 도변읍 앵내리","효빈광역시 탄성군 도변읍 앵내리","[-31907,37178]; [-32499,37932]"
"개산로","#7777aa","2932m","효빈광역시 안천구 이자3동(탄자동)","효빈광역시 안천구 칠채동(남동)","효빈광역시 안천구 이자3동(탄자동) | 효빈광역시 안천구 칠채동(남동) | 효빈광역시 안천구 칠채동(정치동)","[-29840,37735]; [-29832,40667]"
"효빈빈주고속도로","#964545","13984m","효빈광역시 탄성군 도변읍 잠재리","덕빈북도 선곡군 귀총면 하천원리","효빈광역시 탄성군 도변읍 잠재리 | 덕빈북도 선곡군 귀총면 갑부리 | 효빈광역시 탄성군 고해읍 전추리 | 덕빈북도 선곡군 귀총면 하천원리 | 덕빈북도 선곡군 귀총면 환내리","[-33358,35808]; [-33422,40496]; [-33294,41664]; [-30079,41648]; [-31167,43696]; [-32015,45264]; [-32191,46048]"
"효빈빈주고속도로","#964545","6499m","덕빈북도 약산시 홍하면 황천리","덕빈북도 약산시 근강면 청묘리","덕빈북도 약산시 홍하면 황천리 | 덕빈북도 약산시 근강면 청묘리 | 덕빈북도 약산시 근강면 건상리","[-27115,68560]; [-25499,68720]; [-22444,69408]; [-21069,70480]"
"효빈서해고속도로","#964545","8592m","효빈광역시 탄성군 도변읍 조일리","효빈광역시 탄성군 야진읍 아득리","효빈광역시 탄성군 도변읍 조일리 | 효빈광역시 탄성군 야진읍 미우리 | 효빈광역시 탄성군 야진읍 원심리 | 효빈광역시 탄성군 야진읍 아득리","[-33167,36528]; [-34223,36768]; [-34264,36799]; [-37063,37758]; [-38342,38158]; [-40070,38318]; [-41493,38350]"
"효빈외곽순환선","#964545","38183m","효빈광역시 북구 중수2동(중수동)","덕빈북도 약산시 성가면 당림리","효빈광역시 북구 중수2동(중수동) | 효빈광역시 북구 채산동(곡진동) | 효빈광역시 안천구 악부동(군청동) | 효빈광역시 안천구 악부동(천본동) | 효빈광역시 안천구 악부동(광상동) | 효빈광역시 탄성군 소원면 윤부리 | 효빈광역시 탄성군 소원면 라면리 | 효빈광역시 탄성군 소원면 부우리 | 효빈광역시 탄성군 고해읍 정명리 | 효빈광역시 탄성군 고해읍 이식리 | 효빈광역시 탄성군 도향면 영왕리 | 효빈광역시 탄성군 정근면 익목리 | 덕빈북도 약산시 화소읍 서판리 | 덕빈북도 약산시 성가면 당림리 | 효빈광역시 북구 채산동(습지동) | 효빈광역시 안천구 악부동(일화동) | 효빈광역시 탄성군 고해읍 은염리 | 효빈광역시 탄성군 정근면 촌주리 | 덕빈북도 약산시 화소읍 요곡리","[-24866,26896]; [-24978,29488]; [-25505,30896]; [-25601,32560]; [-25585,33920]; [-25889,35344]; [-25569,36320]; [-25297,36864]; [-24510,38928]; [-23982,40000]; [-23758,42304]; [-24142,43904]; [-25422,45312]; [-25438,47184]; [-25326,48752]; [-25278,57280]; [-23519,60944]; [-22239,63280]"
"덕북고속도로","#964545","17017m","효빈광역시 탄성군 고해읍 이식리","효빈광역시 탄성군 정근면 사촌리","효빈광역시 탄성군 고해읍 이식리 | 효빈광역시 탄성군 정근면 익목리 | 효빈광역시 탄성군 정근면 구생리 | 효빈광역시 탄성군 정근면 사촌리 | 효빈광역시 탄성군 도향면 시초리","[-25374,45408]; [-25774,45712]; [-25774,47680]; [-25262,48768]; [-25390,51008]; [-24238,52480]; [-21551,61312]"
"남약산로","#7777aa","27313m","덕빈북도 선곡군 귀총면 갑부리","덕빈북도 약산시 우부동","덕빈북도 선곡군 귀총면 갑부리 | 효빈광역시 탄성군 고해읍 전추리 | 효빈광역시 안천구 칠채동(남동) | 효빈광역시 탄성군 도향면 반주리 | 효빈광역시 탄성군 도향면 분음리 | 덕빈북도 약산시 산형동(대염동) | 덕빈북도 약산시 약산2동(약산동) | 덕빈북도 약산시 우부동(상수구동) | 덕빈북도 약산시 우부동 | 효빈광역시 탄성군 고해읍 장심리 | 효빈광역시 탄성군 도향면 일일리 | 효빈광역시 탄성군 도향면 춘일경리","[-34252,40080]; [-32188,40000]; [-30781,40048]; [-30269,40320]; [-29565,41040]; [-29469,41840]; [-29741,48656]; [-28734,49936]; [-28750,56592]; [-28686,59616]; [-27630,60144]; [-26766,60256]; [-26046,61296]"
"약산대로","#7777aa","16372m","덕빈북도 약산시 근강면 청묘리","덕빈북도 약산시 역성동(역석동)","덕빈북도 약산시 근강면 청묘리 | 덕빈북도 약산시 화소읍 상내리 | 덕빈북도 약산시 홍하면 홍하리 | 덕빈북도 약산시 화소읍 하내장리 | 덕빈북도 약산시 화소읍 서판리 | 덕빈북도 약산시 역성동(역석동) | 덕빈북도 약산시 홍하면 니지리 | 덕빈북도 약산시 약산1동(역석동) | 덕빈북도 약산시 약산2동(약산동)","[-21743,68400]; [-23295,67552]; [-24558,65056]; [-24638,61280]; [-26206,58672]; [-26558,57872]; [-30668,57744]"
"장곡해안로","#7777aa","12156m","덕빈북도 약산시 장곡읍 마현리","덕빈북도 천주시 궁하구 궁하2동(궁하동)","덕빈북도 약산시 장곡읍 마현리 | 덕빈북도 약산시 장곡읍 무기리 | 덕빈북도 약산시 장곡읍 장선리 | 덕빈북도 천주시 궁하구 궁하1동(궁하동) | 덕빈북도 천주시 궁하구 궁하2동(궁하동)","[-27022,73936]; [-26350,74416]; [-25886,75104]; [-25950,78160]; [-25870,80032]; [-25454,80032]; [-25246,80144]; [-24174,79280]; [-23534,78880]; [-23199,77920]; [-22783,77424]; [-22319,77360]; [-21790,77744]"
"장곡중앙로","#7777aa","7641m","덕빈북도 약산시 장곡읍 장곡리","덕빈북도 약산시 장곡읍 무기리","덕빈북도 약산시 장곡읍 장곡리 | 덕빈북도 약산시 장곡읍 마현리 | 덕빈북도 약산시 근강면 지전리 | 덕빈북도 약산시 장곡읍 무기리","[-27005,71600]; [-25662,71523]; [-25566,72691]; [-25198,73459]; [-24782,73475]; [-24814,75731]; [-24798,77331]"
"근강로","#7777aa","14591m","덕빈북도 약산시 홍하면 평야리","덕빈북도 약산시 장곡읍 장곡리","덕빈북도 약산시 홍하면 평야리 | 덕빈북도 약산시 홍하면 황천리 | 덕빈북도 약산시 근강면 근강리 | 덕빈북도 약산시 근강면 지전리 | 덕빈북도 천주시 궁하구 궁하1동(궁하동) | 덕빈북도 약산시 장곡읍 입주리 | 덕빈북도 약산시 장곡읍 마현리 | 덕빈북도 약산시 장곡읍 장곡리","[-25918,68147]; [-25998,69363]; [-24350,70931]; [-23886,71011]; [-22719,73011]; [-22287,73795]; [-22031,74435]; [-23662,74611]; [-25294,74576]; [-26334,73456]; [-26477,71536]"
"궁하로","#7777aa","4381m","덕빈북도 천주시 궁하구 궁하1동(궁하동)","덕빈북도 천주시 궁하구 서팔1동(서팔동)","덕빈북도 천주시 궁하구 궁하1동(궁하동) | 덕빈북도 천주시 궁하구 서팔1동(서팔동) | 덕빈북도 천주시 궁하구 아이1동(아이동)","[-22030,74192]; [-21678,74336]; [-21166,75184]; [-21054,75360]; [-18254,75280]"
"역전로(천주)","#7777aa","7390m","덕빈북도 천주시 궁하구 산취읍 산취리","덕빈북도 천주시 천성구 천성동(하좌동)","덕빈북도 천주시 궁하구 산취읍 산취리 | 덕빈북도 천주시 궁하구 산취읍 사야리 | 덕빈북도 천주시 천성구 천성동 | 덕빈북도 천주시 천성구 천성동(하좌동) | 덕빈북도 천주시 천성구 관아동(산민동) | 덕빈북도 천주시 천성구 천성동(녹하동)","[-8782,72816]; [-8686,74272]; [-4911,74384]; [-4063,73776]; [-3839,72688]"
"번영로","#7777aa","7057m","덕빈북도 낭원군 내덕면 중야리","덕빈북도 천주시 천성구 천성동","덕빈북도 낭원군 내덕면 중야리 | 덕빈북도 낭원군 내덕면 내덕리 | 덕빈북도 천주시 천성구 천성동(상좌동) | 덕빈북도 천주시 천성구 천성동 | 덕빈북도 천주시 천성구 천성동(평온동) | 덕빈북도 낭원군 내덕면 시발리 | 덕빈북도 천주시 천성구 천성동(관일동)","[-64,73808]; [-1280,73728]; [-3919,74352]; [-4562,74788]; [-5535,75547]; [-5547,75903]; [-5582,76662]"
"시청로(천주)","#7777aa","4197m","덕빈북도 천주시 천성구 천성동(지굴동)","덕빈북도 천주시 천성구 천성동(관일동)","덕빈북도 천주시 천성구 천성동(지굴동) | 덕빈북도 천주시 천성구 천성동 | 덕빈북도 천주시 천성구(평온동) | 덕빈북도 천주시 천성구 천성동(관일동) | 덕빈북도 천주시 천성구 천성동(평온동) | 덕빈북도 천주시 천성구 관아동(평온동)","[-4047,76062]; [-4051,75444]; [-4411,74930]; [-4612,74728]; [-4818,74608]; [-5783,75410]; [-5894,75599]; [-5971,76550]"
"천주대로","#7777aa","2774m","덕빈북도 천주시 천성구 천성동","덕빈북도 천주시 천성구 관아동(관아동2가)","덕빈북도 천주시 천성구 천성동 | 덕빈북도 천주시 천성구(평온동) | 덕빈북도 천주시 천성구 천성동(평온동) | 덕빈북도 천주시 천성구 관아동(관아동2가) | 덕빈북도 천주시 천성구 관아동(관아동1가)","[-3687,75680]; [-5941,75654]; [-5967,75727]; [-6408,75689]"
"관아로","#7777aa","2196m","덕빈북도 천주시 천성구 관아동(중앙동1가)","덕빈북도 천주시 천성구 유원동(원동2가)","덕빈북도 천주시 천성구 관아동(중앙동1가) | 덕빈북도 천주시 천성구 유원동(원동2가) | 덕빈북도 천주시 천성구 관아동(장방동)","[-6396,74364]; [-6451,76559]"
"마야로","#7777aa","4109m","덕빈북도 낭원군 내덕면 석체리","덕빈북도 천주시 천성구 마야동","덕빈북도 낭원군 내덕면 석체리 | 덕빈북도 천주시 천성구 천성동(방상동) | 덕빈북도 천주시 천성구 천성동(지굴동) | 덕빈북도 천주시 천성구 마야동","[-1492,76559]; [-2015,76315]; [-3369,76032]; [-4441,76113]; [-4908,76246]; [-5401,76567]"
"중앙로(천주)","#7777aa","3452m","덕빈북도 천주시 천성구 빈전2동(빈전동)","덕빈북도 천주시 궁하구 산취읍 사야리","덕빈북도 천주시 천성구 빈전2동(빈전동) | 덕빈북도 천주시 천성구 대뢰3동(대뢰동) | 덕빈북도 천주시 궁하구 산취읍 사야리","[-7378,75590]; [-7643,75569]; [-7969,75376]; [-8492,74844]; [-9135,75110]; [-9846,75671]; [-10305,75697]"
"산취조향로","#7777aa","3863m","덕빈북도 천주시 궁하구 산취읍 산취리","덕빈북도 천주시 궁하구 산취읍 산취리","덕빈북도 천주시 궁하구 산취읍 산취리 | 덕빈북도 천주시 궁하구 산취읍 사야리","[-10254,72769]; [-10293,76632]"
"시방로","#7777aa","2845m","덕빈북도 낭원군 내덕면 고남리","덕빈북도 낭원군 내덕면 시발리","덕빈북도 낭원군 내덕면 고남리 | 덕빈북도 낭원군 내덕면 시발리","[-2062,71050]; [-2062,71393]; [-2233,72345]; [-2066,73871]"
"낭원대로","#7777aa","5641m","덕빈북도 치원군 채화면 장내리","덕빈북도 낭원군 내덕면 중야리","덕빈북도 치원군 채화면 장내리 | 덕빈북도 낭원군 내덕면 고남리 | 덕빈북도 낭원군 내덕면 내덕리 | 덕빈북도 낭원군 내덕면 중야리","[-2422,68954]; [-1950,70240]; [-958,71903]; [-285,73339]; [-210,73661]; [-214,73798]; [-9,73991]"
"부진순환로","#7777aa","2320m","덕빈북도 낭원군 내덕면 고남리","덕빈북도 덕현군 부진읍 소심리","덕빈북도 낭원군 내덕면 고남리 | 덕빈북도 덕현군 부진읍 고선리 | 덕빈북도 덕현군 부진읍 소심리","[-2079,69768]; [-1556,69991]; [-64,70909]"
"궁항로","#7777aa","12502m","덕빈북도 천주시 궁하구 산취읍 사야리","덕빈북도 천주시 궁하구 견절동(계고동)","덕빈북도 천주시 궁하구 산취읍 사야리 | 덕빈북도 천주시 궁하구 시곡면 유소리 | 덕빈북도 천주시 궁하구 과림읍 오가리 | 덕빈북도 천주시 궁하구 서팔1동(서팔동) | 덕빈북도 천주시 궁하구 견절동(절천동) | 덕빈북도 천주시 궁하구 아이2동(아이동) | 덕빈북도 천주시 궁하구 견절동(계고동) | 덕빈북도 천주시 궁하구 시곡면 시곡리 | 덕빈북도 천주시 궁하구 과림읍 조향리","[-8800,74288]; [-10111,74320]; [-12943,74752]; [-15758,75120]; [-18061,75168]; [-18941,74592]; [-19820,74288]; [-20990,74016]"
"아이대로","#7777aa","4339m","덕빈북도 천주시 궁하구 견절동(계고동)","덕빈북도 천주시 궁하구 아이2동(아이동)","덕빈북도 천주시 궁하구 견절동(계고동) | 덕빈북도 천주시 궁하구 견절동(절천동) | 덕빈북도 천주시 궁하구 아이2동(아이동) | 덕빈북도 천주시 궁하구 견절동 | 덕빈북도 천주시 궁하구 아이1동(아이동)","[-18912,72754]; [-19495,73337]; [-19775,73728]; [-19794,74316]; [-19761,76761]"
"아이산로","#7777aa","1627m","덕빈북도 천주시 궁하구 서팔1동(서팔동)","덕빈북도 천주시 궁하구(옥동)","덕빈북도 천주시 궁하구 서팔1동(서팔동) | 덕빈북도 천주시 궁하구(옥동) | 덕빈북도 천주시 궁하구 견절동(견고동)","[-18365,74992]; [-18328,75943]; [-18301,76618]"
"서란로","#7777aa","2012m","덕빈북도 천주시 궁하구 서팔2동(서팔동)","덕빈북도 천주시 궁하구 서팔2동(서팔동)","덕빈북도 천주시 궁하구 서팔2동(서팔동)","[-18957,72873]; [-18613,73388]; [-18411,73861]; [-18718,74684]"
"서팔로","#7777aa","3189m","덕빈북도 천주시 궁하구 서팔2동(서팔동)","덕빈북도 천주시 궁하구 과림읍 대수리","덕빈북도 천주시 궁하구 서팔2동(서팔동) | 덕빈북도 천주시 궁하구 과림읍 대수리 | 덕빈북도 천주시 궁하구 과림읍 오가리","[-18420,73981]; [-17768,74348]; [-17359,74955]; [-17377,76664]"
"효빈외곽순환고속도로","#853838","2210m","효빈광역시 북구 채산동(아진동)","효빈광역시 북구 채산동(곡진동)","효빈광역시 북구 채산동(아진동) | 효빈광역시 북구 채산동(아자동) | 효빈광역시 북구 채산동(곡진동)","[-27140,29891]; [-27072,30287]; [-26903,30502]; [-26552,30615]; [-26111,30604]; [-25387,30638]"
"효빈외곽순환선","#9f5050","2701m","효빈광역시 탄성군 고해읍 정명리","효빈광역시 탄성군 소원면 소원리","효빈광역시 탄성군 고해읍 정명리 | 효빈광역시 탄성군 고해읍 천가리 | 효빈광역시 탄성군 소원면 소원리","[-24132,43887]; [-24115,43827]; [-24012,43737]; [-23840,43617]; [-23737,43565]; [-23720,43445]; [-23759,43244]; [-24046,42991]; [-24372,42854]; [-24612,42648]; [-25002,42236]; [-25109,42031]"
"효빈빈주고속도로","#9f5050","817m","효빈광역시 탄성군 고해읍 전추리","효빈광역시 탄성군 고해읍 전추리","효빈광역시 탄성군 고해읍 전추리","[-29821,40856]; [-30077,41632]"
"현삼로","#7777aa","952m","효빈광역시 북구 채산동(신영동)","효빈광역시 안천구 뇌전동","효빈광역시 북구 채산동(신영동) | 효빈광역시 안천구 뇌전동 | 효빈광역시 북구 채산동(수포동)","[-27756,28049]; [-28708,28032]"
"도산로","#7777aa","6097m","효빈광역시 탄성군 도향면 시초리","덕빈북도 선곡군 해로면 광야리","효빈광역시 탄성군 도향면 시초리 | 효빈광역시 탄성군 도향면 영왕리 | 효빈광역시 탄성군 정근면 익목리 | 효빈광역시 탄성군 도향면 분음리 | 덕빈북도 선곡군 해로면 광야리 | 효빈광역시 탄성군 도향면 하공리 | 효빈광역시 탄성군 도향면 초반리","[-25799,46995]; [-26116,47492]; [-27376,49079]; [-27771,49559]; [-28756,49542]; [-29219,49713]; [-30599,49756]"
"약산정로","#7777aa","11730m","덕빈북도 선곡군 해로면 광야리","덕빈북도 약산시 삼미동(북천동)","덕빈북도 선곡군 해로면 광야리 | 덕빈북도 선곡군 해로면 해로리 | 덕빈북도 약산시 약산2동(고곡동) | 덕빈북도 약산시 삼미동(염원동) | 덕빈북도 약산시 삼미동(북천동)","[-30240,49816]; [-30283,53374]; [-30223,53863]; [-29863,54455]; [-29828,56058]; [-29460,57361]; [-29494,59325]; [-29563,60096]; [-29948,60680]; [-29940,61271]"
"역전로(약산)","#7777aa","2477m","덕빈북도 약산시 약산1동(약산동)","덕빈북도 약산시 우부동","덕빈북도 약산시 약산1동(약산동) | 덕빈북도 약산시 우부동 | 덕빈북도 약산시 약산1동(보녕동)","[-27694,57859]; [-26991,60234]"
"정선로","#7777aa","2826m","효빈광역시 탄성군 정근면 구생리","효빈광역시 탄성군 도향면 익목리","효빈광역시 탄성군 정근면 구생리 | 효빈광역시 탄성군 도향면 익목리","[-25456,50845]; [-26767,48341]"
"고암로","#7777aa","1972m","효빈광역시 탄성군 도향면 시초리","효빈광역시 탄성군 도향면 하공리","효빈광역시 탄성군 도향면 시초리 | 효빈광역시 탄성군 도향면 하공리","[-26922,46472]; [-26956,48444]"
"우모로","#7777aa","2033m","덕빈북도 선곡군 해로면 광야리","효빈광역시 탄성군 도향면 분음리","덕빈북도 선곡군 해로면 광야리 | 효빈광역시 탄성군 도향면 분음리","[-30591,51282]; [-28756,50408]"
"도성로","#7777aa","4882m","효빈광역시 탄성군 정근면 구생리","덕빈북도 선곡군 해로면 광야리","효빈광역시 탄성군 정근면 구생리 | 효빈광역시 탄성군 정근면 처구리 | 효빈광역시 탄성군 도향면 처구리 | 덕빈북도 선곡군 해로면 광야리 | 효빈광역시 탄성군 도향면 춘일경리","[-25499,50871]; [-26767,51402]; [-27462,51762]; [-30187,51771]"
"영내로","#7777aa","7877m","효빈광역시 탄성군 역성동 층부리","효빈광역시 탄성군 정근면 처구리","효빈광역시 탄성군 역성동 층부리 | 효빈광역시 탄성군 정근면 층부리 | 효빈광역시 탄성군 정근면 처구리 | 덕빈북도 약산시 산형동 | 효빈광역시 탄성군 정근면 촌주리","[-29777,56092]; [-26588,56092]; [-26588,53734]; [-26785,53366]; [-26819,51454]"
"산탄로","#7777aa","3327m","덕빈북도 약산시 산형동","덕빈북도 약산시 약산2동","덕빈북도 약산시 산형동 | 덕빈북도 약산시 약산2동","[-29168,53863]; [-29176,57190]"
"능곡로","#7777aa","1376m","덕빈북도 약산시 산형동","덕빈북도 선곡군 해로면 해로리","덕빈북도 약산시 산형동 | 덕빈북도 선곡군 해로면 해로리","[-28714,53889]; [-29982,53872]; [-30077,53923]"
"바명로","#7777aa","4018m","덕빈북도 약산시 산형동","덕빈북도 약산시 약산2동(고곡동)","덕빈북도 약산시 산형동 | 덕빈북도 약산시 약산2동(고곡동) | 덕빈북도 약산시(고곡동) | 덕빈북도 약산시 산형동(대염동)","[-29605,53906]; [-29562,57241]; [-29965,57670]; [-29965,57764]"
"와산로","#7777aa","2831m","효빈광역시 탄성군 도향면 미로리","덕빈북도 선곡군 해로면 해로리","효빈광역시 탄성군 도향면 미로리 | 덕빈북도 선곡군 해로면 해로리 | 덕빈북도 약산시 산형동(매목동)","[-27102,54403]; [-29725,54386]; [-29914,54472]"
"우석로","#7777aa","3211m","덕빈북도 약산시 역성동(석동동)","덕빈북도 선곡군 해로면 해로리","덕빈북도 약산시 역성동(석동동) | 덕빈북도 선곡군 해로면 해로리 | 덕빈북도 약산시 산형동(체신동)","[-27453,55526]; [-29803,55501]; [-29798,55499]; [-30040,55548]; [-30519,55372]; [-30616,55390]"
"약산서성로","#7777aa","3382m","덕빈북도 약산시 역성동(역석동)","덕빈북도 약산시 약산2동(고곡동)","덕빈북도 약산시 역성동(역석동) | 덕빈북도 약산시 약산2동(고곡동) | 덕빈북도 약산시 산형동(후작동)","[-26113,57167]; [-29495,57203]"
"보녕로","#7777aa","5337m","덕빈북도 약산시 역성동(석동동)","덕빈북도 약산시 우부동","덕빈북도 약산시 역성동(석동동) | 덕빈북도 약산시 약산1동(보녕동) | 덕빈북도 약산시 우부동 | 덕빈북도 약산시 역성동(역석동)","[-27040,55827]; [-27022,59277]; [-26234,60992]"
"역석로","#7777aa","1758m","덕빈북도 약산시 역성동(석동동)","덕빈북도 약산시 역성동(역석동)","덕빈북도 약산시 역성동(석동동) | 덕빈북도 약산시 역성동(역석동)","[-26618,56105]; [-26618,56135]; [-26610,57863]"
"흥통로","#7777aa","3454m","덕빈북도 약산시 역성동(역석동)","덕빈북도 약산시 약산2동(고곡동)","덕빈북도 약산시 역성동(역석동) | 덕빈북도 약산시 약산2동(고곡동) | 덕빈북도 약산시 산형동(후작동)","[-26143,56767]; [-29597,56767]"
"채촌로","#7777aa","4003m","덕빈북도 선곡군 해로면 명전리","덕빈북도 약산시 우부동(상수구동)","덕빈북도 선곡군 해로면 명전리 | 덕빈북도 약산시 삼미동(염원동) | 덕빈북도 약산시 우부동(상수구동) | 덕빈북도 약산시 삼미동(북천동)","[-30361,57803]; [-30367,59046]; [-30446,59325]; [-28785,60247]; [-28519,59743]"
"산석로","#7777aa","3170m","덕빈북도 약산시 약산1동(보녕동)","덕빈북도 약산시 삼미동(염원동)","덕빈북도 약산시 약산1동(보녕동) | 덕빈북도 약산시 삼미동(염원동) | 덕빈북도 약산시 약산2동(약산동)","[-27452,58901]; [-30622,58937]"
"통주로","#7777aa","2086m","덕빈북도 약산시 약산1동(약산동)","덕빈북도 약산시 우부동(상수구동)","덕빈북도 약산시 약산1동(약산동) | 덕빈북도 약산시 우부동(상수구동)","[-28137,57785]; [-28119,59380]; [-28385,59792]"
"욱상로","#7777aa","1084m","덕빈북도 약산시 화소읍 하내장리","덕빈북도 약산시 우부동","덕빈북도 약산시 화소읍 하내장리 | 덕빈북도 약산시 우부동","[-25676,59562]; [-26646,60047]"
"낭곡로","#7777aa","9585m","덕빈북도 약산시 성가면 성가리","덕빈북도 약산시 홍하면 평야리","덕빈북도 약산시 성가면 성가리 | 덕빈북도 약산시 성가면 당림리 | 덕빈북도 약산시 화소읍 화소리 | 덕빈북도 약산시 홍하면 홍하리 | 덕빈북도 약산시 홍하면 평야리","[-21632,61374]; [-22414,64006]; [-22881,65194]; [-23359,66097]; [-24390,66685]; [-24923,67152]; [-26269,68450]; [-26450,68516]; [-26838,68553]; [-27008,68644]"
"조태로","#7777aa","2269m","덕빈북도 약산시 장곡읍 장곡리","덕빈북도 약산시 홍하면 황천리","덕빈북도 약산시 장곡읍 장곡리 | 덕빈북도 약산시 홍하면 황천리","[-27026,71208]; [-26438,70881]; [-26402,70748]; [-26366,70275]; [-26008,69438]; [-25966,69377]"
"근상로","#7777aa","3300m","덕빈북도 약산시 근강면 근강리","덕빈북도 약산시 근강면 근강리","덕빈북도 약산시 근강면 근강리 | 덕빈북도 약산시 근강면 건상리","[-24673,70473]; [-24244,70213]; [-23791,70428]; [-23011,70473]; [-21529,70156]"
"중철로","#7777aa","2035m","덕빈북도 약산시 근강면 근강리","덕빈북도 약산시 근강면 건상리","덕빈북도 약산시 근강면 근강리 | 덕빈북도 약산시 근강면 건상리","[-23248,70541]; [-23135,71107]; [-22434,72385]"
"배홍로","#7777aa","3473m","덕빈북도 약산시 근강면 지전리","덕빈북도 약산시 근강면 지전리","덕빈북도 약산시 근강면 지전리 | 덕빈북도 약산시 근강면 건상리","[-21608,71978]; [-23271,72566]; [-24786,73358]"
"궁상로","#7777aa","2003m","덕빈북도 천주시 궁하구 궁하1동(궁하동)","덕빈북도 천주시 궁하구 궁하1동(궁하동)","덕빈북도 천주시 궁하구 궁하1동(궁하동)","[-21631,74591]; [-21631,76594]"
"장곡궁하로","#7777aa","4231m","덕빈북도 천주시 궁하구 궁하2동(궁하동)","덕빈북도 약산시 장곡읍 무기리","덕빈북도 천주시 궁하구 궁하2동(궁하동) | 덕빈북도 약산시 장곡읍 무기리 | 덕빈북도 약산시 장곡읍 입주리","[-21597,76232]; [-25827,76313]"
"무기로","#7777aa","3864m","덕빈북도 천주시 궁하구 궁하2동(궁하동)","덕빈북도 약산시 장곡읍 무기리","덕빈북도 천주시 궁하구 궁하2동(궁하동) | 덕빈북도 천주시 궁하구 궁하1동(궁하동) | 덕빈북도 약산시 장곡읍 장선리 | 덕빈북도 약산시 장곡읍 무기리 | 덕빈북도 약산시 장곡읍 입주리","[-22049,77083]; [-22287,77173]; [-23520,77252]; [-24210,77422]; [-25872,77365]"
"장근로","#7777aa","3865m","덕빈북도 약산시 근강면 지전리","덕빈북도 천주시 궁하구 궁하1동(궁하동)","덕빈북도 약산시 근강면 지전리 | 덕빈북도 천주시 궁하구 궁하1동(궁하동) | 덕빈북도 천주시 궁하구 근강면 지전리","[-23780,72928]; [-23090,74241]; [-22740,75134]; [-22400,75621]; [-21631,75610]; [-21656,75664]"
"늑마로","#7777aa","5059m","덕빈북도 약산시 근강면 지전리","덕빈북도 약산시 장곡읍 장곡리","덕빈북도 약산시 근강면 지전리 | 덕빈북도 약산시 장곡읍 마현리 | 덕빈북도 약산시 장곡읍 장곡리","[-22776,72984]; [-24207,73736]; [-25375,73768]; [-26007,73168]; [-26631,73672]; [-27134,73344]"
"자언로","#7777aa","2404m","덕빈북도 약산시 장곡읍 장선리","덕빈북도 약산시 장곡읍 무기리","덕빈북도 약산시 장곡읍 장선리 | 덕빈북도 약산시 장곡읍 무기리","[-23466,78733]; [-25869,78673]"
"현천로","#7777aa","6595m","덕빈북도 약산시 장곡읍 장곡리","덕빈북도 약산시 장곡읍 무기리","덕빈북도 약산시 장곡읍 장곡리 | 덕빈북도 약산시 장곡읍 마현리 | 덕빈북도 약산시 장곡읍 무기리","[-26481,73732]; [-25794,74672]; [-25377,75673]; [-25302,79166]; [-25347,80017]"
"처구로","#7777aa","2290m","효빈광역시 탄성군 정근면 익목리","효빈광역시 탄성군 정근면 구생리","효빈광역시 탄성군 정근면 익목리 | 효빈광역시 탄성군 정근면 구생리 | 효빈광역시 탄성군 정근면 처구리","[-27351,49160]; [-26207,51144]"
"두미로","#7777aa","2769m","효빈광역시 탄성군 도향면 영왕리","효빈광역시 탄성군 정근면 구생리","효빈광역시 탄성군 도향면 영왕리 | 효빈광역시 탄성군 정근면 익목리 | 효빈광역시 탄성군 정근면 구생리","[-25431,47096]; [-25031,48160]; [-24999,49792]"
"염곡중앙로","#7777aa","7394m","덕빈북도 기도군 주길면 원청리","덕빈북도 기도군 진경면 기선리","덕빈북도 기도군 주길면 원청리 | 덕빈북도 기도군 염곡면 염곡리 | 덕빈북도 기도군 진경면 기선리","[-16240,11936]; [-16192,17760]; [-15408,19120]"
"공금로","#7777aa","3111m","덕빈북도 기도군 주길면 원청리","덕빈북도 기도군 하포면 미기리","덕빈북도 기도군 주길면 원청리 | 덕빈북도 기도군 하포면 미기리","[-14832,12272]; [-15248,11936]; [-17824,11952]"
"남곡로","#7777aa","2390m","덕빈북도 기도군 하포면 미기리","덕빈북도 기도군 염곡면 시도리","덕빈북도 기도군 하포면 미기리 | 덕빈북도 기도군 염곡면 시도리","[-17744,11536]; [-17920,12464]; [-18048,13904]"
"어군로","#7777aa","7777m","덕빈북도 기도군 진경면 기선리","덕빈북도 기도군 염곡면 신산리","덕빈북도 기도군 진경면 기선리 | 덕빈북도 기도군 염곡면 염곡리 | 덕빈북도 기도군 염곡면 풍야리 | 덕빈북도 기도군 염곡면 신산리","[-14455,17120]; [-16918,18535]; [-17580,18866]; [-18398,17396]; [-18591,17102]; [-19013,16771]; [-19500,16514]; [-19565,16293]; [-19592,15448]"
"청상로","#7777aa","4330m","덕빈북도 기도군 염곡면 염곡리","덕빈북도 기도군 염곡면 신산리","덕빈북도 기도군 염곡면 염곡리 | 덕빈북도 기도군 염곡면 주양리 | 덕빈북도 기도군 염곡면 신산리","[-15981,19142]; [-17240,16909]; [-17488,16532]; [-17892,16468]; [-18306,16725]; [-18563,17056]"
"문향로","#7777aa","2732m","덕빈북도 기도군 염곡면 염곡리","덕빈북도 기도군 진경면 기선리","덕빈북도 기도군 염곡면 염곡리 | 덕빈북도 기도군 진경면 기선리","[-15264,16532]; [-15264,17534]; [-14483,19078]"
"주길로","#7777aa","2463m","덕빈북도 기도군 주길면 원청리","덕빈북도 기도군 주길면 원청리","덕빈북도 기도군 주길면 원청리 | 덕빈북도 기도군 주길면 주길리","[-13794,15282]; [-13757,12819]"
"죽구로","#7777aa","1809m","덕빈북도 기도군 주길면 원청리","덕빈북도 기도군 주길면 죽구리","덕빈북도 기도군 주길면 원청리 | 덕빈북도 기도군 주길면 죽구리","[-11827,13481]; [-11652,15282]"
"미기로","#7777aa","1755m","덕빈북도 기도군 주길면 동금보리","덕빈북도 기도군 하포면 미기리","덕빈북도 기도군 주길면 동금보리 | 덕빈북도 기도군 하포면 미기리","[-16146,12755]; [-17901,12737]"
"공항로","#7777aa","13552m","덕빈북도 기도군 주길면 주길리","효빈광역시 북구 고송1동(고송동)","덕빈북도 기도군 주길면 주길리 | 덕빈북도 기도군 주길면 원청리 | 덕빈북도 기도군 주길면 동금보리 | 덕빈북도 기도군 염곡면 시도리 | 덕빈북도 기도군 염곡면 주양리 | 덕빈북도 기도군 염곡면 신산리 | 덕빈북도 기도군 염곡면 중만리 | 효빈광역시 북구 고송1동(고송동) | 덕빈북도 기도군 염곡면 염곡리","[-12495,15272]; [-12617,13646]; [-12750,13290]; [-13693,12900]; [-14336,12475]; [-14743,12231]; [-15048,12437]; [-16557,13376]; [-17204,13779]; [-17500,14096]; [-18079,13800]; [-18486,14409]; [-18949,14902]; [-19026,15001]; [-19395,15112]; [-19425,15266]; [-19455,15506]; [-19635,15652]; [-20389,15644]; [-20449,15386]; [-20904,15408]; [-22126,15712]"
"만당로","#7777aa","4361m","덕빈북도 기도군 염곡면 신산리","덕빈북도 기도군 염곡면 풍야리","덕빈북도 기도군 염곡면 신산리 | 덕빈북도 기도군 염곡면 풍야리","[-20377,15614]; [-20351,15862]; [-19811,16685]; [-19318,16895]; [-18988,17187]; [-18439,18066]; [-18169,18752]; [-18164,19129]"
"야부로","#7777aa","2947m","덕빈북도 기도군 염곡면 풍야리","덕빈북도 기도군 염곡면 주양리","덕빈북도 기도군 염곡면 풍야리 | 덕빈북도 기도군 염곡면 주양리","[-16642,19125]; [-18079,16552]"
"기도대로","#7777aa","8069m","덕빈북도 기도군 주길면 죽구리","덕빈북도 기도군 염곡면 주양리","덕빈북도 기도군 주길면 죽구리 | 덕빈북도 기도군 주길면 주길리 | 덕빈북도 기도군 주길면 동금보리 | 덕빈북도 기도군 염곡면 주양리 | 덕빈북도 기도군 주길면 원청리 | 덕빈북도 기도군 염곡면 염곡리 | 덕빈북도 기도군 염곡면 시도리","[-10833,13251]; [-13530,13757]; [-15013,14117]; [-16947,14559]; [-17770,14773]; [-18293,14808]; [-18653,14555]"
"주안로","#7777aa","5267m","덕빈북도 기도군 진경면 기선리","덕빈북도 기도군 염곡면 신산리","덕빈북도 기도군 진경면 기선리 | 덕빈북도 기도군 염곡면 염곡리 | 덕빈북도 기도군 염곡면 주양리 | 덕빈북도 기도군 염곡면 신산리","[-14439,16535]; [-16004,16518]; [-16728,16497]; [-16951,16471]; [-17418,16132]; [-17736,15957]; [-19060,15952]; [-19549,15957]"
"주양로","#7777aa","4968m","덕빈북도 기도군 염곡면 신산리","덕빈북도 기도군 염곡면 염곡리","덕빈북도 기도군 염곡면 신산리 | 덕빈북도 기도군 염곡면 주양리 | 덕빈북도 기도군 염곡면 염곡리","[-19519,15652]; [-18344,15652]; [-18104,15725]; [-17534,15725]; [-17007,15939]; [-16445,15982]; [-16432,16119]; [-16415,16853]; [-16420,17397]; [-16218,17770]"
