광역단체,기초단체(구/군),지점명,구분,개점일,주소,연계교통,영업시간,전화번호,제공 서비스,특이사항,드립,여담,씹덕밈(?),버스노선,영어명
효빈광역시,북구,고송점,일반,2003-07-09,청고로 121 (고송동 435-11),6호선 고송역,08:00~23:00,079-512-0011,"맥모닝, 맥딜리버리, 디카페인","북구 시청 소재지이자 최고 핵심 번화가의 중심에 떡하니 박혀 있는 랜드마크. 고송지구 원주민들의 오래된 사랑방 역할을 톡톡히 하며, 유동 인구가 워낙 미쳐 돌아가서 평일 주말 할 것 없이 언제 가도 테이블 잡기가 하늘의 별 따기 수준이라 매출이 그야말로 박 터진다.","시위대와 공무원이 한 공간에서 밥 먹는 기묘한 곳. 매장 안에서 감튀를 먹다가 갑자기 ""평생 햄버거 같이 먹어줘!""라고 고백 공격을 갈기는 미친놈들이 있다. <del>물론 다 까인다.</del>","배달앱 요청사항에 ""반창고 좀 같이 챙겨주세요""라고 적으면 알바생이 진짜로 햄버거 봉투에 반창고를 붙여준다는 전설이 돌았는데, 실제 인증샷이 올라오며 사실로 굳어졌다(...). <del>알바생들의 피눈물 나는 서비스 정신이 돋보이는 부분.</del>",뱅드림 마이고 '타카마츠 토모리'의 절대 성지(...). 토모리 오시들의 필수 순례 코스로 꼽히며 매장 안팎으로 덕후들의 발길이 끊이지 않는다.,"효빈급행버스02번, 효빈급행버스06, 효빈광역버스6000, 효빈간선버스22, 효빈간선버스23, 효빈간선버스25, 효빈간선버스26, 효빈간선버스27, 효빈간선버스29, 효빈지선버스221, 효빈지선버스222, 효빈지선버스231, 효빈지선버스241, 효빈지선버스251, 효빈지선버스271, 효빈지선버스291, 효빈지선버스522",McDonald's Gosong
효빈광역시,서구,과진DT,DT,2009-10-11,과진로 43 (과진동 535-1),2호선 과진중앙역,07:00~01:00,079-624-0005,"맥드라이브, 주차, 맥모닝, 딜리버리",매장 바로 앞에 대한민국 이공계의 요람인 '효빈과학기술원(효빈과기원)'이 우뚝 버티고 있다. 점심 매출보다 심야 야식 매출이 압도적으로 높은 기형적인 수익 구조를 자랑하며 밤이 될수록 진가가 발휘되는 지점.,랩실 노예들의 심야 영양 공급처. 가끔 비커나 삼각 플라스크를 직접 들고 와서 콜라를 따라 마시는 매드 사이언티스트 컨셉충들이 등판해 <del>알바생들의 어이를 승천하게</del> 만든다.,"매일 밤샘 연구와 과제, 논문에 찌든 대학원생과 공대생들이 새벽 1시 마감 직전이나 새벽 2시쯤에 카페인과 칼로리를 갈구하며 좀비처럼 걸어 나와 야식으로 엄청나게 시켜 먹는 생명수 같은 곳이다. <del>제발 랩실에서 좀 자라.</del>","이름 자체는 임팩트가 덜하지만, 오직 '과기원' 타이틀 하나 때문에 러브라이브 리엘라 과학도 '와카나 시키' 절대 성지로 완벽히 밈화되어 버렸다. 이과 씹덕들의 숨겨진 명소.","효빈급행버스08, 효빈좌석버스2222, 효빈간선버스12, 효빈간선버스22, 효빈간선버스23, 효빈간선버스24, 효빈간선버스28, 효빈간선버스29, 효빈간선버스33, 효빈지선버스129, 효빈지선버스221, 효빈지선버스222, 효빈지선버스231, 효빈지선버스232, 효빈지선버스241, 효빈지선버스261, 효빈지선버스292",McDonald's Gwazin DT
효빈광역시,서구,당선DT,DT,2017-05-23,노현로 21 (당선동 435-11),2/5호선 당선역,24시간,079-612-0004,"맥드라이브, 주차, 맥모닝, 딜리버리","현 효빈광역시장인 박효빈이 과거 메인터넌스(평알바)로 구슬땀을 흘리며 기름통을 비웠던 성지 중의 성지. 2017년 사복이마트점이 마트 계약 종료로 멸망하자, 갈 곳 잃은 크루들이 통째로 둥지를 틀며 진정한 의미의 '근본'을 계승한 역사적 매장이다.",선거철 정치인들의 '시장 기운 받기' 먹방 쇼 장소. 선거철만 되면 지역 정치인들이 여기서 억지로 빅맥 세트를 우겨 넣고 '시장의 기운'을 받아 간다는 기괴한 인증샷 릴레이가 펼쳐진다. <del>물론 맛없다며 감튀는 꼭 남기고 간다.</del>,"시장님의 땀과 숨결(?)이 진하게 묻어있는 역사적 장소라, 매장 내 알바생들 군기가 은근히 빡세다는 카더라가 암암리에 돌고 있다. 시장님의 발자취를 좇는 이들의 방문이 잦다.",시장님의 땀방울이 밴 성지라는 점이 너무 강렬해 애니 밈보다는 지역 정덕(정치 덕후)들의 성지순례와 인증샷 놀이가 펼쳐지는 요상하고 유일무이한 구역이다.,"효빈급행버스02번, 효빈급행버스08, 효빈순환버스20, 효빈간선버스24, 효빈간선버스26, 효빈간선버스27, 효빈지선버스111, 효빈지선버스172, 효빈지선버스129, 효빈지선버스252, 효빈지선버스162",McDonald's Dangseon DT
효빈광역시,동구,덕현DT,DT,2012-01-02,앵소로 121 (덕현동 123-1),3/6호선 덕현역,07:00~24:00,079-263-0003,"맥드라이브, 주차, 맥모닝, 딜리버리",덕현역 사거리 핵심 교차로에 무리하게 끼워 넣은 듯한 역세권 드라이브 스루 매장. 입지가 너무 훌륭한 나머지 출퇴근 시간만 되면 햄버거를 픽업하려는 차량들의 꼬리물기가 차도 2차선까지 침범해버린다.,출퇴근길 분노의 드라이브 스루. 햄버거 하나 먹겠다고 빵빵거리며 도로를 마비시키는 <del>인근 교통 체증의 1등 주범이자</del> 운전자들의 인내심 테스트장.,차량 꼬리물기가 시내버스 배차 간격 뺨치게 심해서 명절 연휴나 주말 점심에는 아예 꼬리물기를 막으려고 알바생이 경광봉을 들고나가 수신호를 서야 할 정도로 헬게이트가 열려 교차로 진입 시 범퍼를 극도로 조심해야 한다.,"매장이 위치한 도로명이 하필 '앵소로(櫻小路)'(...)로, 러브라이브 슈퍼스타 리엘라의 '사쿠라코지 키나코'의 성씨 한자와 토씨 하나 안 틀리고 완벽히 동일하다. 햄버거 먹으면서 키나코 특유의 억양으로 ""쓔~!"" 거리는 오타쿠들 탓에 알바생들 고막이 쉴 틈이 없다. <del>제발 씹덕 컨셉은 니들 방구석에서만 잡아라.</del>","효빈급행버스01, 효빈급행버스04, 효빈순환버스10, 효빈광역버스1000, 효빈광역버스2000, 효빈광역버스6000, 효빈좌석버스1111, 효빈좌석버스6666, 효빈간선버스15, 효빈간선버스18, 효빈지선버스151, 효빈지선버스172, 효빈지선버스193, 효빈지선버스371, 효빈지선버스492",McDonald's Deokhyeon DT
효빈광역시,탄성군,도변DT,DT,2015-01-31,선령로 22 (앵내리 32-1),4호선 앵내역,07:00~23:00,079-123-0033,"맥드라이브, 주차, 맥모닝, 딜리버리","군 지역 읍 단위(도변읍)의 깡촌 시골인 줄 알았으나, 도변읍 인구 9만에 앵내리 3만 명, 인근 성저동 수요까지 블랙홀처럼 다 빨아들여 시내권 매장의 중위권 매출 뺨을 가볍게 세 번 연속 후려치는 미스터리한 알짜 노른자 매장이다.",농번기엔 어르신들이 힙하게 트랙터나 경운기를 끌고 드라이브 스루로 들어오는 낭만의 핫플레이스이자 신문물 체험장.,"뽕이 제대로 찬 점장이 햄버거라고 안 부르고 매장 대형 배너에 당당히 '고기 샌드위치'라고 써서 팔려다가, <del>본사 암행한테 걸려 오지게 징계성 경고를 먹었다는</del> 골 때리는 전설이자 카더라가 널리 퍼져 있다.",동네 이름이 러브라이브 선샤인 '사쿠라우치 리코'의 성씨(櫻內)와 완벽히 동일해 사쿠라우치 리코의 절대 성지로 불린다. 리코 샌드위치 드립의 굳건한 발원지.,"효빈급행버스03번, 효빈순환버스40, 효빈순환버스50, 효빈간선버스14, 효빈간선버스45, 효빈지선버스451, 효빈지선버스561",McDonald's Dobyeon DT
효빈광역시,창전구,동곡DT,DT,2022-12-22,덕청대로 213 (동곡동 22-1),3호선 동곡역,24시간,079-834-0027,"맥드라이브, 주차, 맥모닝, 딜리버리","과거 구 남부터미널점이 철수한 지 2년 후, 갈 곳 잃은 그 떠돌이 수요를 싹 쓸어 담기 위해 덕청대로 핵심 노른자위에 각 잡고 개점한 거대 자본주의의 결정체.",우리가 창전구의 터미널이다를 당당하게 외치며 위풍당당하게 지역 상권과 매출을 완벽히 장악 중이다.,터미널 난민들을 훌륭하고 쾌적하게 흡수하여 지금은 창전구의 메인 햄버거 보급소로 완전히 정착했다.,"이름 동곡(桐谷)이 모르포니카 '키리가야 토우코'와 한자가 같다는 접점 하나로 억지 밈이 강하게 형성됐다(...). <del>창전구 자체가 모니카의 구(區)로 완전히 지배당한 상태라,</del> 금발 가발 쓰고 갸루 피스 하면서 갸루 컨셉으로 주문하는 과몰입 빌런이 출몰한다.","효빈순환버스70, 효빈광역버스9000, 효빈간선버스26, 효빈간선버스48, 효빈간선버스49, 효빈간선버스57, 효빈간선버스59, 효빈간선버스67, 효빈간선버스68, 효빈간선버스69, 효빈간선버스78, 효빈간선버스89, 효빈지선버스161, 효빈지선버스471, 효빈지선버스481, 효빈지선버스491, 효빈지선버스571, 효빈지선버스591, 효빈지선버스592, 효빈지선버스671, 효빈지선버스681, 효빈지선버스682, 효빈지선버스691, 효빈지선버스572, 효빈지선버스771, 효빈지선버스781, 효빈지선버스892",McDonald's Donggok DT
효빈광역시,청엽구,동리DT,DT,2022-01-12,붕우로 223 (동리동 32-5),1호선 동리역,24시간,079-767-0023,"맥드라이브, 주차, 맥모닝, 딜리버리",붕우로 왕복 8차선 핵심 라인 상권을 꽉 잡고 있는 거대 자본의 상징과도 같은 최신식 럭셔리 매장. 대기석 쇼파와 화장실이 오버 조금 보태서 5성급 호텔 수준으로 삐까뻔쩍하다.,차 없이 못 오는 넓은 도로 입지 탓에 심야엔 카푸어들의 야간 드라이브 핫플이자 불법 튜닝카 전시장으로 돌변한다.,'동리(東里)'라는 이름이 뱅드림 애프터글로우 하자와 츠구미의 중국 번안명 한자와 같다는 개열받는 억지 밈(...)이 찰지게 붙으며 묘한 화제성을 낳았다.,<del>굳이 대중교통 1시간씩 타고 멀리서 꾸역꾸역 찾아와 감튀를 씹고 가는</del> 츠구미 악개들의 은밀하고 숨겨진 비밀 아지트로 통한다.,"효빈급행버스04, 효빈급행버스05, 효빈순환버스80, 효빈광역버스3000, 효빈간선버스16, 효빈간선버스17, 효빈간선버스19, 효빈간선버스39, 효빈간선버스49, 효빈지선버스123, 효빈지선버스151, 효빈지선버스154, 효빈지선버스171, 효빈지선버스193, 효빈지선버스491, 효빈지선버스492, 효빈지선버스582, 효빈지선버스162, 효빈지선버스692, 효빈지선버스793",McDonald's Dongni DT
효빈광역시,청엽구,마잡DT,DT,2016-02-02,헌이송로 9 (서증동 12-2),6호선 비동역,24시간,079-745-0021,"맥드라이브, 주차, 맥모닝, 딜리버리","역세권 매장이긴 한데, 매장이 위치한 인근 역인 비동역이 조만간 '서증역'으로 개명될 예정이라 동네 분위기 쇄신 차원에서 유독 난리가 난 곳이다.",맥도날드가 무슨 관공서나 공공기관인 줄 아는 부동산 맘카페 아줌마들의 이름 개명 민원 폭격기 타겟 1순위.,"맘카페에서 ""지점명도 촌스럽게 '마잡(마구잡이)'이 뭐냐, 우리도 서증역 이름 따라 세련되게 바꿔달라""며 가끔 뜬금없는 단체 개명 민원이 본사로 빗발쳐 <del>점장의 어이를 안드로메다로 가출하게 만든다.</del>","특별한 애니 밈은 전무하고, 오직 맘카페의 '마구잡이' 네이밍 혐오 밈만이 지배하는 극도로 척박하고 현실적인 부동산 구역.","효빈간선버스49, 효빈간선버스69, 효빈간선버스78, 효빈간선버스79, 효빈간선버스88, 효빈지선버스154, 효빈지선버스173, 효빈지선버스181, 효빈지선버스491, 효빈지선버스691, 효빈지선버스781, 효빈지선버스791, 효빈지선버스792",McDonald's Majap DT
효빈광역시,북구,북고송DT,DT,2017-08-09,이달로 3 (고송동 41-4),3/6호선 고송나루역,24시간,079-545-0015,"맥드라이브, 주차, 맥모닝, 딜리버리","고송나루역 1번 출구를 나오면 바로 앞에 떡하니 위치해 있다. 근처에 토모리 해수욕장과 강변 산책로가 있어 자전거 라이딩 쫄쫄이 동호회와 산책객, 피서객이 벌떼처럼 몰려 주말 낮에는 그야말로 생지옥도를 그린다.","자전거 타러, 운동하러 산책 나왔다가 햄버거 칼로리를 꽉꽉 채우고 돌아가는 기적의 요요현상 핫플.","주말 낮마다 해수욕장 피서객과 자전거 부대가 한꺼번에 밀려들어와, <del>알바생들의 멘탈이 실시간으로 갈려나가는</del> 마의 구간이다.","마이고 '타카마츠 토모리' 성지(...)이자 바로 근처에 '토모리 해수욕장'(...)까지 완벽하게 있는 더블 성지. 심지어 도로명마저 '이달로(다테)'라서 럽라 시부야 카논 성우(다테 사유리) 밈까지 섞인 끔찍한 혼종 구역이다. DT 마이크에 대고 주문 대신 ""겟츄!"" 거리는 놈들 탓에 <del>알바생들 정신이 실시간으로 가출한다.</del>","효빈급행버스02번, 효빈순환버스20, 효빈광역버스3000, 효빈좌석버스3333, 효빈좌석버스6666, 효빈간선버스26, 효빈간선버스29, 효빈지선버스251, 효빈지선버스261, 효빈지선버스271",McDonald's Bukgosong DT
효빈광역시,청엽구,사노DT,DT,2012-02-01,노산로 3 (사노동 41-4),1/6호선 사노역,07:00~24:00,079-756-0022,"맥드라이브, 주차, 맥모닝, 딜리버리","사노역 역세권 매장이랍시고 대대적으로 뻔뻔하게 홍보하지만, 막상 역에서 내려 걸어가려면 경사도 높은 가파른 오르막길을 꽤 헉헉대며 걸어야 해서 <del>햄버거 먹기 전 강제 유산소 운동을 당한다는</del> 원성이 매우 잦다.",향토사학자 할아버지들도 펑펑 울린 성우 카토 에미리 오열 사태의 눈물겨운 중심지이자 전설의 무대.,"매장이 위치한 '비마리동'은 화살을 맞고 피눈물을 흘리며 죽어간 명마를 기리는 비마총(悲馬塚) 전설이 있는 곳이다. 전설을 전해 들은 성우 카토 에미리가 내한해 무덤 앞에서 펑펑 우는 대형 사고를 쳤는데, 이를 본 완고한 지역 향토사학자들이 ""비마의 진정한 이해자다!""라며 감동해 구청 앞 시위를 철회한 기적의 일화가 전해 내려온다.","하필 청엽구(아오바 모카)라 우에하라 히마리와 찰떡같이 엮였다. 무덤 앞 오열 사태 이후 결국 <del>""거 봐, 역시 히마리는 존나게 울잖아!""</del>라는 레전드 밈이 탄생하며 한일 양국 트위터를 완벽히 제패한 뇌절 근원지다.","효빈급행버스04, 효빈순환버스80, 효빈간선버스16, 효빈간선버스17, 효빈간선버스26, 효빈간선버스27, 효빈간선버스88, 효빈지선버스141, 효빈지선버스161, 효빈지선버스171, 효빈지선버스371, 효빈지선버스582, 효빈지선버스162, 효빈지선버스692, 효빈지선버스793",McDonald's Sano DT
효빈광역시,창전구,쌍엽DT,DT,2018-01-02,당찬로 29 (쌍엽동 12-2),2호선 엽천역,07:00~01:00,079-845-0028,"맥드라이브, 주차, 맥모닝, 딜리버리",엽천역을 빠져나온 유동인구와 환승객들이 튀김기 감자튀김 냄새에 홀린 듯이 좀비처럼 걸어 들어오는 늪 같은 환승 블랙홀 상권.,지하철 갈아타려다 감튀 냄새에 홀려 지갑을 강제로 털리는 마의 삼각지대. 카운터에서 대뜸 <del>'리더 버거' 내놓으라고 떼쓰는 진상들</del>이 있다.,"환승 길목에 치명적으로 위치한 탓에, 잠깐 들러서 버거만 포장해 가려는 손님들로 피크타임엔 매장이 시장통으로 돌변하며 알바생들의 손목을 분쇄한다.","위치한 동네가 쌍엽동(双葉)인데, 한자가 살짝 다르지만 비슷한 뜻을 가진 모르포니카 '후타바(二葉) 츠쿠시' 밈이 흥하며 완벽한 성지로 부합했다. 게다가 매장 앞 도로명마저 하필 '당찬로'(...)라 츠쿠시 특유의 당찬 허당 리더 밈과 소름 돋게 엮여버려 매니저들의 골머리를 썩힌다.","효빈급행버스01, 효빈급행버스06, 효빈순환버스70, 효빈광역버스6000, 효빈간선버스26, 효빈간선버스27, 효빈간선버스47, 효빈간선버스49, 효빈간선버스57, 효빈간선버스79, 효빈지선버스161, 효빈지선버스171, 효빈지선버스172, 효빈지선버스371, 효빈지선버스471, 효빈지선버스472, 효빈지선버스481, 효빈지선버스491, 효빈지선버스671, 효빈지선버스681, 효빈지선버스572, 효빈지선버스771, 효빈지선버스791, 효빈지선버스792",McDonald's Ssangyeop DT
효빈광역시,안천구,안천점,일반,2001-02-09,안천이자로 82 (안천동 881-1),1호선 안천역,08:00~23:00,079-912-0029,"주차, 맥모닝, 딜리버리",안천구 초기 상권을 온몸으로 굳건히 지켜온 햄버거 역사의 산증인이자 조상님격 터줏대감 매장. 바로 옆에 건방지게 들어선 버거킹과 20년째 담벼락 하나를 두고 영혼의 라이벌 매치와 피 튀기는 할인 맞다이를 뜨고 있다.,안천 상권 최후의 생존 게임 구역. 맥날인데 <del>감튀는 내팽개치고 귤(미칸) 굿즈 잔뜩 들고 와서 매장 배경으로 제사상 차리듯 사진 찍는 기행종</del>들이 서식한다.,"20년 긴 역사를 자랑하는 만큼 동네 주민들의 희로애락이 고스란히 담겨 있으며, 옆 건물 버거킹 매니저와의 묘한 눈싸움과 기싸움이 지역 주민들의 소소하고 꿀잼인 관전 포인트로 꼽힌다.",'안천' 발음이 러브라이브 성우 이나미 안쥬의 찰떡 별명인 **'안짱'**과 일본어 발음이 비슷하다 보니 어이없게 밈이 생겼다(...). 귤 굿즈 들고 인증샷 남기는 안쥬 오시들의 필수 코스.,"효빈급행버스02번, 효빈급행버스05, 효빈순환버스40, 효빈광역버스4000, 효빈광역버스7000, 효빈좌석버스4004, 효빈좌석버스7777, 효빈간선버스25, 효빈간선버스34, 효빈간선버스47, 효빈간선버스48, 효빈지선버스151, 효빈지선버스154, 효빈지선버스471, 효빈지선버스472, 효빈지선버스481, 효빈지선버스522, 효빈지선버스551, 효빈지선버스552, 효빈지선버스482, 안천지하차도",McDonald's Ancheon
효빈광역시,남구,어간점,일반,2001-07-21,어간항로 121 (어간동 435-11),2호선 어간중앙역,08:00~23:00,079-412-0007,"맥모닝, 맥딜리버리, 디카페인",매장이 항구 근처라 2층 창가 자리에 앉으면 탁 트인 바다 뷰가 일품인 명소. 옛 어간점 철수 이후 지역 주민들의 간절한 염원으로 항구 상권 부활을 알리며 당당하게 다시 들어선 낭만 있고 상징적인 매장.,<del>창가 자리에 앉아 햄버거를 먹고 있으면 눈치 없는 갈매기들에게 감튀를 삥뜯길 수 있으니 절대 뺏기지 마시오.</del>,야외 테라스나 매장 밖에서 멋모르고 감튀를 들고 있으면 깡패 같은 인근 갈매기들이 떼로 몰려와 순식간에 채가버리니 먹을 때 극도로 주의해야 하는 다이나믹한 매장이다.,"바다 냄새가 물씬 풍기는 항구 뷰 덕분에 러브라이브 선샤인 아쿠아(Aqours) 오시들이 굳이 누마즈 감성을 느끼겠다며 창가 자리를 늘 끈질기게 점거 중이다. 벅차오른 오타쿠가 ""치카쨩 바다야!"" 외치다 다른 손님들의 눈총을 받고 쫓겨나는 빌런 사태가 주기적으로 발생한다.","효빈급행버스09, 효빈순환버스90, 효빈간선버스39, 효빈간선버스49, 효빈간선버스59, 효빈간선버스79, 효빈간선버스89, 효빈지선버스192, 효빈지선버스194, 효빈지선버스592, 효빈지선버스792, 효빈지선버스892",McDonald's Eogan
효빈광역시,북구,오내DT,DT,2010-11-22,오내로 223 (오내동 32-5),6호선 오내사거리역,07:00~24:00,079-556-0016,"맥드라이브, 주차, 맥모닝, 딜리버리","오내사거리 핵심 교통 체증 교차로의 명당자리에 위치해, 퇴근길 꽉 막힌 차 타고 가다 우측 깜빡이 켜고 쓱 빠져서 햄버거 사 먹기 최고의 교통 접근성을 자랑한다.",꽉 막힌 헬게이트 퇴근길 직장인들의 완벽한 도피처. 교통 체증을 뚫고 맥날로 무지성 피신하는 넥타이 부대들의 성지다.,스트레스 이빠이 받은 빡친 운전자들이 쿼터파운더 치즈버거 세트로 교통 체증의 분노를 게걸스럽게 삭이는 곳이다. <del>차가 막힐수록 DT 대기열이 길어지는 기적의 논리를 보여줌.</del>,특정 애니메이션 밈보다는 피로에 찌든 직장인들의 퇴근길 애환이 햄버거 패티 냄새에 진하게 녹아있는 극현실주의 생존 구역으로 통한다.,"효빈급행버스05, 효빈순환버스30, 효빈광역버스2000, 효빈간선버스13, 효빈간선버스33, 효빈간선버스36, 효빈간선버스37, 효빈지선버스261, 효빈지선버스334, 효빈지선버스341, 효빈지선버스361",McDonald's Onae DT
효빈광역시,청엽구,우전DT,DT,2008-07-27,우전석로 92 (우전동 225-2),1/2호선 우전역,24시간,079-723-0019,"맥드라이브, 주차, 맥모닝, 딜리버리","우전동 구 매장이 너무 좁다고 폐업한 후, 앙심(?)을 품은 본사가 보란 듯이 으리으리하고 삐까뻔쩍하게 2층 통유리로 높게 올린 자본주의 대형 매장. 밤에 조명을 켜면 눈이 부실 지경이다.",돈 냄새 찐하게 나는 메가급 DT. 매장 앞 조경까지 쓸데없이 예뻐서 주말만 되면 인생샷 남기려는 사람들로 붐빈다.,"매장 크기가 워낙 거대하다 보니 동네 랜드마크 역할을 하며, 1층 그릴에서 구워지는 패티 냄새가 2층 홀까지 은은하게 올라와 식욕을 무한 자극한다.","우전(宇田)이라는 이름이 뱅드림 애프터글로우 '우다가와 토모에' 및 로젤리아 '우다가와 아코' 자매의 성씨 한자와 일부 일치하는데, 심지어 바로 옆에 '우전천(宇田川)'(...)이라는 하천까지 절묘하게 흘러서 성지순례하는 씹덕들이 엄청나게 몰려온다. <del>알바들이 그릴에서 고기 패티 뒤집을 때 ""소이야!""를 외친다는 망상 밈이 오타쿠들 사이에서 정설처럼 굳어졌다.</del>","효빈급행버스06, 효빈순환버스70, 효빈광역버스1000, 효빈간선버스38, 효빈간선버스68, 효빈간선버스79, 효빈지선버스172, 효빈지선버스173, 효빈지선버스831, 효빈지선버스471, 효빈지선버스481, 효빈지선버스582, 효빈지선버스682, 효빈지선버스792",McDonald's Ujeon DT
효빈광역시,청엽구,우택DT,DT,2017-08-10,도변이자로 23 (우택동 2-1),5호선 남우택역,07:00~01:00,079-734-0020,"맥드라이브, 주차, 맥모닝, 딜리버리",청엽구 외곽에 새롭게 조성된 대규모 신도시 주거 수요를 블랙홀처럼 미친 듯이 싹 빨아들이는 괴물 매출의 알짜배기 매장. 주말 점심엔 층간소음 뺨치는 데시벨을 자랑한다.,유모차 부대와 키즈카페의 성지. 해피밀을 찾는 잼민이와 가족 단위 손님이 어마어마하게 몰려와 매장이 매일같이 터져나간다.,"밀려드는 해피밀 주문과 쏟아지는 가족 손님들 탓에, 점심 피크 타임이 되면 매니저와 알바생들이 거의 울기 직전의 표정으로 포장지를 접는 눈물겨운 광경을 목격할 수 있다.","우택(羽澤)이라는 이름 한자가 뱅드림 애프터글로우 **'하자와 츠구미'**의 이름 한자와 진짜 토씨 하나 안 틀리고 완전히 똑같아서 덕후들 사이에서 대폭발한 지역이다(...). <del>매장 터져나갈 때 츠구미처럼 ""츠굿테루(버티고 있어)!"" 외치면서 눈물 훔치며 알바한다는 불쌍한 밈이 존재하며,</del> 츠구미 오시들의 필수 성지순례 코스로 우뚝 섰다.","효빈좌석버스1111, 효빈좌석버스6666, 효빈간선버스14, 효빈간선버스16, 효빈간선버스18, 효빈간선버스48, 효빈간선버스68, 효빈간선버스88, 효빈간선버스89, 효빈지선버스141, 효빈지선버스154, 효빈지선버스181, 효빈지선버스261, 효빈지선버스162, 효빈지선버스362, 효빈지선버스793, 효빈지선버스482, 효빈지선버스881, 효빈지선버스892",McDonald's Utaek DT
효빈광역시,안천구,이자DT,DT,2013-06-18,안천북로 199 (이자동 22-17),4/빈효 이자역,24시간,079-923-0030,"맥드라이브, 주차, 맥모닝, 딜리버리","4호선과 빈효선 더블 환승역 지옥 한복판에 자리 잡아, 출퇴근 시간만 되면 DT 진입 차량과 포장 손님이 재난 영화 해운대 급으로 몰려와 알바들이 눈코 뜰 새 없이 쓰러져가는 하드코어 매장.",매일 아침 눈 다 못 뜬 출근충들의 좀비 웨이브가 몰아치는 픽업의 최전선 전투 구역.,"환승객들이 1분 1초가 급박한 상황에서 버거를 포장해가려다 보니, 카운터 앞은 늘 숨 막히는 긴장감이 감돌며 모세의 기적처럼 포장 줄이 갈라지는 진풍경을 볼 수 있다.",이자(梨子)가 럽라 선샤인 **'사쿠라우치 리코'**와 한자가 완전히 똑같이 엮이는 곳이다. 이자동 신도시가 조성되면서 럽폭도들이 성지순례 명목으로 미친 듯이 몰려들어와 항상 바쁘다. <del>드라이브 스루 픽업구 벽에 대고 카베돈 밈을 시전하다 점장한테 뒤지게 욕먹는 빌런 놈들이 있다.</del>,"효빈급행버스02번, 효빈급행버스05, 효빈순환버스50, 효빈광역버스7000, 효빈광역버스8000, 효빈좌석버스5555, 효빈간선버스25, 효빈간선버스35, 효빈간선버스45, 효빈간선버스56, 효빈간선버스57, 효빈간선버스58, 효빈지선버스251, 효빈지선버스252, 효빈지선버스351, 효빈지선버스451, 효빈지선버스522, 효빈지선버스551, 효빈지선버스552, 효빈지선버스561, 효빈지선버스571, 효빈지선버스581, 효빈지선버스582, 효빈지선버스591, 효빈지선버스592, 효빈지선버스572",McDonald's Ija DT
효빈광역시,북구,중수DT,DT,2006-07-27,중탄로 92 (중수동 225-2),1/6호선 북구청역,24시간,079-312-0012,"맥드라이브, 주차, 맥모닝, 딜리버리","박효빈 시장이 과거 이사 온 후 근무했던 제2대 땀방울 성지. 조금만 내려가면 북구청, 효빈일보, 효빈고등법원, 효빈광역공소청, 효빈지방중대범죄수사청(효빈중수청)이 빽빽하게 몰려있는 거대 법조타운 상권의 핵심.",서류 뭉치에 파묻혀 야근하는 판검사 영감님들과 변호사들의 든든한 야식 소울푸드 공급처이자 법조타운 야근러들의 영혼의 안식처.,"점심시간 헬게이트는 기본이고, 심야가 되면 서류에 찌들어 스트레스받은 법관들이 바쁠 때 딜리버리를 미친 듯이 단체로 시켜 먹는다는 처절하고 무서운 전설이 있다. 시장님이 여기서 패티 굽다 2019년 북구청 사회복무요원으로 징집(?)됐다는 썰도 함께 전해진다.","법조타운이라는 딱딱한 이미지와 정반대로 니지가사키 '나카스 카스미'의 성지로 완벽히 기괴하게 변형되었다. 카스밍 빵 대신 햄버거 빵으로 밈이 자리 잡았으며, <del>점잖은 판검사들이 딜리버리 시키고 배달앱 리뷰에 대놓고 ""L-O-V-E 카스밍!""을 남긴다는 흉흉하고 충격적인 전설이 씹덕들 사이에서 돌고 있다.</del>","효빈급행버스02번, 효빈급행버스03번, 효빈광역버스2000, 효빈간선버스13, 효빈간선버스23, 효빈간선버스25, 효빈간선버스33, 효빈간선버스34, 효빈간선버스39, 효빈지선버스131, 효빈지선버스231, 효빈지선버스232, 효빈지선버스241, 효빈지선버스251, 효빈지선버스331, 효빈지선버스334, 효빈지선버스831, 효빈지선버스391, 효빈지선버스522, 효빈지선버스362",McDonald's Jungsu DT
효빈광역시,북구,진희DT,DT,2024-08-22,청고로 279 (진희동 322-2),6호선 효빈종합고역,07:00~24:00,079-534-0014,"맥드라이브, 주차, 맥모닝, 딜리버리","번화가 한복판이라 주차 공간이 끔찍하게 협소하여, 차라리 차 안에서 마음 편히 드라이브 스루를 이용하는 것이 정신건강에 매우 이로운 요주의 매장.","학생 수만 무려 2,200명에 달하는 매머드급 학교 '효빈종고'의 일진(?)부터 뿔테 쓴 범생이들까지 완벽한 대통합을 이루는 하교 시간 전용 브리핑룸이자 일진과 범생이의 대통합 아지트.","오후 4시만 되면 하교하는 효빈종고 교복 부대가 우르르 몰려와 1, 2층 홀을 완벽하게 점령해버리기 때문에 일반 손님들은 햄버거가 코로 들어가는지 입으로 들어가는지 모를 정도로 정신이 쏙 빠진다.","효빈종고 자체가 워낙 거대해 '니지가사키 학원'급 스케일로 취급받으며, 애니 속 학생식당 포지션을 담당한다. 게다가 뮤즈 '니시키노 마키', 마이고 '시이나 마키'(타키 언니) 더블 성지(...)라 마키 오시들이 몰려온다. <del>알바가 주문 실수라도 하면 진상 오타쿠가 대뜸 ""이미 와칸나이!""라고 쏘아붙이는 과몰입 빌런 사태가 종종 터진다.</del>","효빈순환버스20, 효빈간선버스22, 효빈간선버스23, 효빈지선버스123, 효빈지선버스222",McDonald's Jinhee DT
효빈광역시,창전구,창전DT,DT,2011-02-09,효빈공단로 122 (창전동 452-1),1호선 창전구청역,24시간,079-812-0025,"맥드라이브, 주차, 맥모닝, 딜리버리",공단 아재들과 땀 흘리는 교대 근로자들의 짧은 점심시간을 전투적으로 책임지는 최전방 전초기지. 점심 피크 타임(11:30~12:30) 1시간 동안에는 공장 컨베이어 벨트 롤러 프레스 수준으로 버거가 1초에 한 개씩 미친 듯이 찍혀 나온다.,작업복 런닝 차림 아재들의 거칠지만 따뜻한 소울푸드 식량 창고이자 에너지 충전소.,피크타임에 앞뒤 가릴 것 없이 쏟아지는 빅맥과 상하이 버거의 향연은 그릴 알바생들의 손목 연골을 사정없이 갉아먹기로 악명 높다. 오후엔 당 떨어진 근로자들의 맥카페 수요가 폭주한다.,"매장 이름 창전(倉田)이 모르포니카 **'쿠라타 마시로'**와 한자가 똑같다. 마시로가 채소를 극혐하는 설정 탓에 ""야채 다 빼주세요"" 충들이 대거 양산되어, <del>매니저들 사이에선 피클이나 채소를 덜 발주해도 영업에 지장이 없다는 실속 있는 소문이 돌 정도.</del> 한국 마니아인 마시로 성우(신도 아마네, 덕주1호선 마스코트 이덕희 성우이기도 함)가 내한해 맥날 먹방을 인증하는 날이면 성지순례객 폭주로 알바들의 초상이 치러진다(...).","효빈급행버스06, 효빈급행버스07, 효빈순환버스70, 효빈광역버스5000, 효빈광역버스9000, 효빈간선버스14, 효빈간선버스26, 효빈간선버스27, 효빈간선버스37, 효빈간선버스58, 효빈간선버스59, 효빈간선버스67, 효빈간선버스69, 효빈간선버스77, 효빈간선버스78, 효빈지선버스141, 효빈지선버스161, 효빈지선버스171, 효빈지선버스172, 효빈지선버스173, 효빈지선버스271, 효빈지선버스371, 효빈지선버스571, 효빈지선버스581, 효빈지선버스591, 효빈지선버스592, 효빈지선버스671, 효빈지선버스681, 효빈지선버스691, 효빈지선버스692, 효빈지선버스572, 효빈지선버스771, 효빈지선버스792",McDonald's Changjeon DT
효빈광역시,서구,청덕DT,DT,2021-04-30,청고로 43 (청덕동 342-3),2/3호선 청덕역,08:00~24:00,079-635-0006,"맥드라이브, 주차, 맥모닝, 딜리버리",효빈시 내 최초로 미래형 주방 시스템(EOTF)이 완벽 도입되어 지역 9시 뉴스 메인에까지 당당하게 보도되었던 최첨단 화제의 삐까뻔쩍한 매장이다.,부자동네의 위엄을 뽐내는 키오스크 8대의 웅장한 자태. <del>어르신들이 방문했다가 사이버 펑크를 강제 체험하고 뒷목을 잡는 곳으로도 유명하다.</del>,동네 자체가 워낙 부촌 느낌이 강해 DT 라인에 대기 중인 차량들의 라인업이 수입차 전시장 뺨칠 정도로 화려하다. 밤에는 인근 부잣집 도련님들의 야식 셔틀 핫플로 쓰인다.,"청덕동이 대규모로 재개발되면서 근처에 '청덕세라스'(...), '청덕다이버시티'(...), '청덕레인보우타운'(...) 등 이름부터 노골적인 아파트들이 솟아나며 러브라이브 하스노소라+니지가사키 관련 밈이 동네를 완벽히 장악해버렸다. 덕분에 근처 휴소도는 아예 **'효빈의 오다이바'**로 칭송받으며 씹덕 성지순례객으로 미어터져 나간다.","효빈급행버스06, 효빈순환버스20, 효빈좌석버스2222, 효빈간선버스25, 효빈간선버스27, 효빈지선버스241, 효빈지선버스291, 효빈지선버스522",McDonald's Cheongdeok DT
효빈광역시,청엽구,청엽점,일반,1997-02-09,덕청대로 11 (청엽동 45-1),3호선 청엽역,08:00~23:00,079-712-0018,"맥모닝, 맥딜리버리, 디카페인","1992년에 지어진 중구 효빈점이 씁쓸하게 폐점한 후, 그 타이틀을 물려받아 현존하는 효빈광역시 최고(最古)이자 최고참 맏형 매장 타이틀을 굳건히 쥐고 있는 청엽구의 절대 터줏대감.","반경 1km 내 주거 및 학원가 인구 밀집도가 대한민국 최고 수준으로 미쳐 돌아가서, 잼민이와 중고딩들로 언제나 고막이 터질 듯 시장통처럼 시끌벅적하다. <del>알바생들이 수시로 추노하는 악명 높은 '알바의 무덤'.</del>",수업 종만 치면 수백 명의 학생들이 파도처럼 밀려와 키오스크 대기 줄이 매장 밖까지 길게 늘어서는 게 매일 오후의 일상이다. 맥플러리와 초코콘 기계가 과열로 자주 파업을 선언한다.,"청엽(靑葉)이라는 한자가 뱅드림 애프터글로우 **'아오바 모카'**의 성씨 한자와 토씨 하나 안 틀리고 완전히 동일하다. 주변 지명들도 비범한 데다 인구 밀도마저 높아서, ""모카쨩 빵(버거) 내놔~"" 거리는 밈 덕분에 빵버거 수요가 터져나가는 절대 성지다.","효빈광역버스1000, 효빈광역버스6000, 효빈간선버스14, 효빈간선버스16, 효빈간선버스88, 효빈지선버스141, 효빈지선버스154, 효빈지선버스371, 효빈지선버스492, 효빈지선버스162, 효빈지선버스692, 효빈지선버스793, 효빈지선버스892",McDonald's Cheongyeop
효빈광역시,창전구,칠심DT,DT,2006-06-18,우난로 922 (칠심동 225-2),2호선 칠심역,07:00~24:00,079-823-0026,"맥드라이브, 주차, 맥모닝, 딜리버리","특이하게도 GS칼텍스 주유소와 완벽하게 병설된 기형적 구조를 띠고 있어, <del>휘발유 기름 냄새를 킁킁 맡으며 햄버거를 씹는 기묘하고도 불량식품 감성이 터지는 사이버펑크적 장소다.</del>",기름 냄새와 짭짤한 감튀 냄새의 완벽한 퓨전. 주유하러 왔다가 냄새에 홀려 자신도 모르게 햄버거 세트를 긁고 가는 운전자들이 한둘이 아니다.,주유소 알바생과 맥도날드 알바생이 휴식 시간에 오묘하게 눈인사를 주고받는 동지애가 싹트는 공간이기도 하다. 평소엔 맥스파이시 치킨텐더가 전국 최고 수준으로 불티나게 팔려나간다.,"이름 칠심(七深)이 모르포니카 **'히로마치 나나미'**와 한자가 완벽 동일하다. 나나미의 ""이게 평범(Normal)한 거잖아요~""라는 전설의 밈 때문에, 맵찔이들이 진주고추크림치즈버거 같은 하드코어 한정판 매운 버거가 나오면 굳이 이 지점만 찾아와 헥헥대며 스파이시 챌린지를 하는 성지로 등극했다.","효빈급행버스01, 효빈급행버스07, 효빈순환버스70, 효빈광역버스1000, 효빈광역버스6000, 효빈간선버스16, 효빈간선버스17, 효빈간선버스27, 효빈간선버스49, 효빈간선버스57, 효빈간선버스59, 효빈간선버스77, 효빈지선버스141, 효빈지선버스261, 효빈지선버스271, 효빈지선버스831, 효빈지선버스472, 효빈지선버스491, 효빈지선버스582, 효빈지선버스591, 효빈지선버스592, 효빈지선버스162, 효빈지선버스362, 효빈지선버스771, 효빈지선버스791, 효빈지선버스793",McDonald's Chilsim DT
효빈광역시,탄성군,탄성DT,DT,2020-10-28,탄성남북로 5-2 (탄성리 12-2),1호선 탄성역,08:00~24:00,079-134-0034,"맥드라이브, 주차, 맥모닝, 딜리버리",탄성군 외곽의 휑한 중심지에 나 홀로 우뚝 솟은 군민들의 유일무이한 프랜차이즈 빛과 소금이요 영원한 오아시스. 주변에 높은 건물이 없어 멀리서도 샛노란 M 마크가 등대처럼 빛난다.,탄성군 중고딩들의 유일한 미팅 장소이자 힙한 데이트 코스. 군 단위 주민들의 햄버거 갈증을 100% 해소해 주는 든든한 보급창고다.,"외곽 지역 특성상 배달보다는 픽업이나 매장 식사 비율이 높으며, 주말엔 농가 일을 끝내고 햄버거로 새참을 드시러 오는 쿨한 어르신 손님들도 많다.","군 이름(탄성=Elasticity)이 심히 물리학적인 단어라, <del>이과 씹덕들이나 공대생들이 성지순례랍시고 와서 햄버거 번(빵)을 손가락으로 꾹꾹 누르며 후크의 법칙 탄성계수를 구하는 해괴망측한 틱톡 영상을 찍어 올리는 기행이 벌어진다.</del>","효빈급행버스07, 효빈순환버스60, 효빈광역버스1000, 효빈좌석버스1111, 효빈좌석버스6666, 효빈간선버스14, 효빈간선버스36, 효빈간선버스46, 효빈간선버스66, 효빈간선버스69, 효빈지선버스141, 효빈지선버스161, 효빈지선버스262, 효빈지선버스361, 효빈지선버스461, 효빈지선버스362, 효빈지선버스661, 효빈지선버스672, 효빈지선버스691, 효빈마을버스 탄성02, 효빈마을버스 탄성01",McDonald's Tanseong DT
효빈광역시,안천구,탄자DT,DT,2023-11-21,도변이자로 101 (탄자동 111-71),4호선 탄자역,24시간,079-945-0032,"맥드라이브, 주차, 맥모닝, 딜리버리","안천구 최신 신상 매장답게 드라이브 스루 진입 라인 코너가 지방 공항 활주로 급으로 굉장히 길고 널찍하게 잘 빠져서, <del>장롱면허 초보 운전자들도 차 긁을 걱정 없이 마음 편히 진입한다.</del>",드라이브 스루 공간이 너무 넓은 나머지 밤만 되면 카푸어들이 렌트카나 불법 튜닝카를 끌고 와서 코너링 성능을 자랑하다 연석을 시원하게 긁어먹는 핫플레이스 튜닝카 배기음 전시장이다.,안천구 외곽에 넓게 터를 잡은 덕분에 주말엔 드라이브 삼아 나온 연인들과 가족들로 북적이며 쾌적한 홀 환경을 자랑한다.,"아직 이렇다 할 애니메이션 관련 밈은 발굴되지 않았으나, 넓은 주차장과 쾌적한 시설 덕에 오타쿠들의 차박 정모 장소나 痛車(이타샤) 동호회 소규모 모임 장소로 알음알음 쓰이고 있다.","효빈급행버스05, 효빈순환버스50, 효빈광역버스5000, 효빈좌석버스4004, 효빈좌석버스5555, 효빈간선버스35, 효빈간선버스45, 효빈간선버스56, 효빈지선버스151, 효빈지선버스252, 효빈지선버스351, 효빈지선버스451, 효빈지선버스551, 효빈지선버스552, 효빈지선버스561, 효빈지선버스571, 효빈지선버스572",McDonald's Tanja DT
효빈광역시,북구,효빈터미널점,일반,1999-12-22,당선로 13 (해서동 53-1),3/5호선 고속버스터미널(해서)역,06:00~24:00,079-323-0013,"맥모닝, 디카페인","고속버스터미널 내부에 찰싹 붙어 입점해 있는 특수성 덕에 새벽 첫차를 타려는 사람들이 아침 식사 대용으로 맥모닝을 무자비하게 거덜 내는 바람에, <del>오전 7시 반만 되면 해쉬브라운이 멸종 위기종이 되어버리는 무서운 공장형 매장이다.</del>",맥모닝 타임어택의 최전선. 터미널 이용객들이 버스 출발 5분 전에 주문을 넣고 제발 빨리 달라고 동동거리며 알바생들의 멘탈을 흔드는 스피드전이 벌어진다.,"버스를 기다리는 수많은 유동인구 탓에 매장 내 테이블은 항상 만석이며, 짐가방과 캐리어들이 엉켜 있어 걸어 다니기조차 힘들 정도의 혼잡도를 365일 유지한다.","근처에 천왕사(...)(텐노지 리나), 천왕사동, 사능(沙綾)동(...)(뱅드림 포피파 야마부키 사아야)이 껴있는 끔찍한 환종 구역이다. 게다가 HAF(애니페어) 중심 개최지인 HSCO가 코앞이라, 행사 주말만 되면 코스어들과 씹덕들로 주문 줄이 밖까지 미어터지며 다 먹고 냅킨에 리나쨩 보드를 야무지게 그려놓고 가는 게 불문율 국룰로 자리 잡았다.","효빈순환버스10, 효빈광역버스3000, 효빈좌석버스6666, 효빈간선버스18, 효빈간선버스39, 효빈지선버스331, 효빈지선버스334, 효빈지선버스341, 효빈지선버스361, 효빈지선버스371, 효빈지선버스391",McDonald's HyobinTerminal
효빈광역시,안천구,팔망성DT,DT,2022-12-22,안천이자로 10-1 (팔망성동 1-1),1호선 팔망성역,07:00~24:00,079-934-0031,"맥드라이브, 주차, 맥모닝, 딜리버리",하필 부지 모양 탓에 매장 형태 자체가 특이하게 육각형 구조로 기괴하게 설계돼 건축학적으로 '이름값' 하나는 오지게 징그럽게 잘한다는 칭송(?)을 받는 미스테리한 건물이다.,동네 오컬트 동호회의 은밀한 정기 모임 장소. 밤이 되면 건물 구조 덕분에 묘하게 음산하고도 사이버펑크적인 분위기를 풍긴다.,"독특한 건물 외관 때문에 햄버거 먹으러 왔다가 매장 배경으로 인증샷부터 찍는 사람들이 많으며, 인테리어 설계자도 포기했다는 비대칭 홀 구조가 묘한 답답함과 매력을 동시에 준다.","매장 이름부터 중2병 오컬트 느낌이 진동하는데, 근처에 타천동(...), 이자동(...)이 있고 심지어 위치한 도로명이 '안천이자로'(이나미 안쥬+사쿠라우치 리코)라 리틀데몬들의 1순위 성지순례 필수 코스다. <del>아메리카노를 시키면서 대뜸 ""칠흑의 마법 약 내놔"" 거리는 중2병 말기 환자들이 넘쳐난다.</del>","효빈급행버스03번, 효빈급행버스05, 효빈순환버스40, 효빈광역버스4000, 효빈광역버스7000, 효빈좌석버스4004, 효빈간선버스15, 효빈간선버스24, 효빈지선버스241, 효빈지선버스341, 효빈지선버스351, 효빈지선버스441, 효빈지선버스552, 효빈마일버스 악부01",McDonald's Palmangseong DT
효빈광역시,남구,평당DT,DT,2003-05-23,곽산로 132 (평당동 325-2),4호선 빙천역,24시간,079-423-0008,"맥드라이브, 주차, 맥모닝, 딜리버리","인근에 있는 '평당곽산DT점'과 이름이 너무 비슷해서 배달 기사들이 엉뚱한 매장으로 픽업을 가거나, 친구들과 약속을 잡은 사람들이 서로 다른 매장에서 기다리다 싸우는 대참사가 하루가 멀다 하고 터지는 악명 높은 라이더들의 블랙리스트 매장.",평당과 평당곽산을 구별 못 하면 햄버거를 굶어야 한다는 생존의 법칙이 지배하는 곳. 라이더들이 콜 잡기 전 주소를 세 번 확인한다.,"잦은 배달 픽업 사고 탓에 매장 입구에 대문짝만하게 ""여기는 평당곽산DT가 아닙니다!!!""라는 안내문이 붙어 있을 정도로 매니저들의 스트레스가 이만저만이 아니다.","근처 역 이름이 빙천역인데, 한자가 氷川(...)이라 뱅드림 히카와 사요/히나 자매 밈이 만연하다. 마침 둘 다 감자튀김에 미친 캐릭터라 사요/히나 오시들이 매장에 들러 감자튀김을 타 매장 대비 무려 3배 이상 폭풍 발주해버린다. <del>냉동 재료 중 제일 무거운 게 감튀인데, 메인터넌스 알바생들에게는 지나갈 때마다 묵념을 해주자. 룽하다 룽해!</del>","효빈급행버스04, 효빈순환버스90, 효빈광역버스3000, 효빈간선버스19, 효빈지선버스191, 효빈지선버스292, 효빈지선버스791, 효빈지선버스793",McDonald's Pyeongdang DT
효빈광역시,남구,평당곽산DT,DT,2022-02-22,남당로 223 (평당동 342-3),1호선 남당역,07:00~24:00,079-445-0010,"맥드라이브, 주차, 맥모닝, 딜리버리","평당DT와 영혼의 헷갈림 주의보. 하지만 신축 매장이라 주방 후드부터 화장실 타일, 동선 등 모든 시설이 광이 날 정도로 매우 깔끔하고 쾌적하게 빠져 평당DT의 '감튀 지옥'에서 도망친 크루들이 제발 이쪽으로 발령 내달라고 비는 오아시스이자 피난처로 통한다.",감튀 지옥(평당)을 간신히 탈출한 알바생들의 낙원. 평당DT의 미쳐버린 감자튀김 발주량에 뼈가 삭은 알바생들이 이직을 신청하는 눈물의 피난소다.,매장 컨디션이 워낙 좋아 인근 주민들이 굳이 구형 매장인 평당DT를 버리고 이곳으로 넘어와 쾌적하게 햄버거를 즐기려는 경향이 강해 매출이 수직 상승 중이다.,"<del>여기서도 뱅드림 사요/히나 굿즈 든 오타쿠 손님이 방문해 감튀 라지를 주문하면, 평당DT에서 넘어온 알바생들에게 극심한 PTSD 발작이 온다고 하는 슬픈 괴담이 전해진다.</del>","효빈급행버스04, 효빈급행버스05, 효빈간선버스19, 효빈간선버스29, 효빈지선버스191, 효빈지선버스291, 효빈지선버스292, 효빈지선버스791, 효빈지선버스991",McDonald's Pyeongdang Gwaksan DT
효빈광역시,북구,포산DT,DT,2016-12-02,효빈로 93 (포산동 3-6),6호선 포산역,24시간,079-567-0017,"맥드라이브, 주차, 맥모닝, 딜리버리","직선거리 횡단보도 코앞에 있는 '맘스터치 포산점'과 치킨 패티(상하이버거 vs 싸이버거) 상권을 두고, 하루가 멀다 하고 서로 전단지를 뿌려대며 치열하고 더럽게 각축전과 피 튀기는 치킨게임을 벌이는 살벌한 전쟁터.",맥크리스피 vs 싸이버거의 끝나지 않는 성전. <del>맘터 알바가 퇴근길에 굳이 여기 맥날로 건너와서 보란 듯이 아이스크림을 사 먹고 가는 치졸한 기만전술을 펼치기도 한다.</del>,양 브랜드 알바생들이 분리수거하러 나왔다가 눈이 마주치면 말없이 레이저를 쏘며 서로의 유니폼을 스캔하는 보이지 않는 기싸움이 지역 커뮤니티의 꿀잼 관전 포인트다.,"특별한 애니메이션 씹덕 밈은 따로 없지만, 두 매장 알바생들 간의 묘한 라이벌 신경전이 열혈 스포츠 애니메이션 구도 뺨치게 흥미진진하게 전개되는 현실 밈 구역이다.","효빈순환버스20, 효빈순환버스30, 효빈간선버스24, 효빈간선버스33, 효빈간선버스35, 효빈간선버스36, 효빈간선버스37, 효빈간선버스39, 효빈지선버스232, 효빈지선버스241, 효빈지선버스351, 효빈지선버스831, 효빈지선버스522",McDonald's Posan DT
효빈광역시,남구,항동DT,DT,2009-01-11,어간로 243 (항동1가 35-1),2호선 항동1가역,07:00~02:00,079-434-0009,"맥드라이브, 주차, 맥모닝, 딜리버리","여객선 배차 시간이 빡빡한 항동 여객터미널 이용객들이, 배에 타기 직전 헐레벌떡 캐리어를 질질 끌고 와서 차나 도보로 픽업해가는 전형적이고 처절한 10분 타임어택 생존형 매장.",배 놓치기 10분 전 피 말리는 햄버거 타임어택의 성지. <del>급해 죽겠는데 새치기하려는 빌런 아줌마 아저씨들이 자주 출몰해 고성과 카오스가 난무한다.</del>,태풍이 불거나 풍랑주의보가 떠서 여객선 배가 뜨지 않는 날엔 귀신같이 유동 인구가 증발하며 매장 매출이 처참하게 반토막 나는 극단적인 기상 의존형 상권이다.,"항(港)동의 '항'이 한자는 다르지만 일본어 발음으로 '미나토(Minato)'라 읽히기 때문에(...) 뱅드림 로젤리아의 '미나토 유키나'와 억지로 엮는 중2병들이 주기적으로 출몰한다. 빅맥을 먹으며 장엄하게 ""너희들, 햄버거에 전부를 걸 각오는 되어있어?""를 시전한다.","효빈순환버스90, 효빈간선버스49, 효빈간선버스59, 효빈간선버스69, 효빈간선버스79, 효빈간선버스89, 효빈지선버스192, 효빈지선버스194, 효빈지선버스491, 효빈지선버스492, 효빈지선버스591, 효빈지선버스592, 효빈지선버스691, 효빈지선버스692, 효빈지선버스792, 효빈지선버스892",McDonald's Hangdong DT
효빈광역시,청엽구,효빈동신도시,DT,2026-06-29,효빈동1가 781,빈효선 효빈동신도시역,07:00~02:00,079-778-0024,"맥드라이브, 주차, 맥모닝, 딜리버리","과거 구도심 상권 악화로 눈물을 머금고 등동점이 폐점한 이후, 갈 곳 잃은 햄버거 난민 수요를 꽉 잡고 다시 싹 쓸어 담기 위해 신도시 한복판 꿀자리에 삐까뻔쩍하게 이전 개업한 최신 자본주의 매장.",<del>신도시 맘카페 지정 '아이와 가기 좋은 쾌적한 매장' 1위.</del> 신도시 프리미엄 버프를 받아 주말마다 키즈카페로 강제 용도변경 당하는 기염을 토한다.,"엄청나게 넓은 주차장과 깨끗한 화장실, 통유리 뷰 덕분에 가족 단위 나들이객의 필수 종착지로 자리 잡았으며, 아이들 통제가 안 되어 홀이 자주 난장판이 되곤 한다.","아직 신생 매장이라 쌓인 씹덕 밈은 없지만, 깔끔한 외관 덕분에 각종 오타쿠 굿즈 야외 촬영을 위해 슬쩍 들러 버거 세트를 시켜놓고 사진을 찍고 가는 마일드한 덕후들이 존재한다.","효빈급행버스04, 효빈급행버스08, 효빈순환버스80, 효빈간선버스17, 효빈간선버스19, 효빈간선버스39, 효빈지선버스154, 효빈지선버스181, 효빈지선버스281, 효빈지선버스291, 효빈지선버스682, 효빈지선버스692, 효빈지선버스793",McDonald's Hyobindong New City DT
효빈광역시,동구,효빈역,일반,2000-03-11,효빈역전로 1 (사가당동 9-1),1/3/7/빈효 효빈역,04:00~01:00,079-252-0002,"맥모닝, 맥딜리버리, 디카페인","효빈역 3번 출구로 빠져나오면 엎어지면 코 닿을 거리에 위치한 최고 노른자위 초역세권 랜드마크. KTX 및 일반 철도 환승객, 출퇴근 직장인, 학생들까지 뒤엉켜 24시간 내내 돗대기시장을 방불케 하는 영원한 만남의 광장이자 효빈시 상권의 대동맥이다.","효빈시 최강의 만남의 광장 <del>(구 여친/남친 마주침 절대 주의).</del> 새벽 첫차부터 밤늦은 막차, 심야 버스를 기다리는 취객들까지 몰려들어 테이블이 식을 틈이 없어 알바생들의 다크서클이 턱 밑까지 내려온다.",하루 종일 미친 듯한 회전율을 자랑하기 때문에 바닥에 떨어진 감튀 부스러기를 치울 시간조차 부족해 매니저가 매일같이 멘탈 붕괴를 겪는 극한 직업의 현장이다.,"지명 자체의 직접적인 밈은 없지만, 바로 옆 건물에 **'애니메이트 효빈점'**이 떡하니 버티고 있어서(...) 굿즈깡을 하러 온 씹덕들이 콜라 하나 시켜놓고 언박싱 라이브 방송을 켜는 오타쿠들의 전진 베이스캠프로 훌륭히 기능하고 있다.","효빈급행버스01, 효빈급행버스06, 효빈순환버스10, 효빈광역버스1000, 효빈광역버스2000, 효빈광역버스3000, 효빈광역버스6000, 효빈좌석버스1111, 효빈좌석버스6666, 효빈간선버스13, 효빈간선버스15, 효빈간선버스18, 효빈간선버스26, 효빈간선버스39, 효빈지선버스131, 효빈지선버스192, 효빈지선버스193, 효빈지선버스129, 효빈지선버스371",McDonald's Hyobin Station
효빈광역시,중구,효빈이마트,일반,1999-04-02,중보로 11 (리사동 22-1),7호선 리사역,10:00~23:00,079-241-0001,"주차, 맥딜리버리, 디카페인","효빈 이마트 1층 푸드코트 내에 꼽사리 끼듯 입점해 든든하게 한 축을 지키고 있는 핵심 앵커 매장. 마트 정기 휴무일에는 얄짤없이 셔터를 내리며, 이때마다 길 건너편에 위치한 롯데리아 매니저가 쾌재를 부른다는 카더라가 있다. <del>버거킹이 안 들어온 걸 다행으로 여기자.</del>",이마트 카트 부대의 훌륭한 식량 보급소. 길 건너 롯데리아와 플랜카드까지 공격적으로 내걸어가며 피 터지는 유치한 눈치싸움을 매일같이 벌이는 중이다.,주말 피크 타임에는 카트를 끌고 온 가족 단위 손님들로 인해 감자튀김 튀기는 기계가 쉴 틈이 없다. <del>이마트 시식 코너에서 배를 채우고 건너와서 500원짜리 아이스크림 콘만 딸랑 사 먹고 홀을 차지하는 얌체족들도 은근히 많아</del> 직원들의 뒷목을 잡게 한다.,이름이 하필 '리사동'이라(...) 뱅드림 로젤리아의 '이마이 리사' 절대 성지로 완벽히 굳어졌다. 가끔 매장 앞이나 마트 구석에서 수제 쿠키를 구워 와서 노나 먹거나 명곡 'R'을 조용히 떼창하는 리사 오시들이 출몰하여 이마트 장보러 온 아줌마들을 몹시 당황하게 만든다.,"효빈급행버스01, 효빈순환버스10, 효빈순환버스80, 효빈간선버스12, 효빈간선버스13, 효빈간선버스14, 효빈간선버스15, 효빈간선버스16, 효빈간선버스39, 효빈간선버스49, 효빈지선버스111, 효빈지선버스123, 효빈지선버스132, 효빈지선버스141, 효빈지선버스161, 효빈지선버스192, 효빈지선버스194, 효빈지선버스129, 효빈지선버스391, 효빈지선버스491, 효빈지선버스162",McDonald's Hyobin E-Mart
덕빈북도,서해시,원변DT,DT,2010-05-12,원변로 123 (원변읍),서해 원변역(예정),07:00~24:00,078-812-2008,"맥드라이브, 주차, 맥모닝, 딜리버리","공사판 흙먼지만 펄펄 날리는 처참한 미개통 서해경전철 원변역 뷰. 맨날 개통이 연기되는 와중에도, 공사만 끝나면 역세권 수요 폭발 1순위로 돈방석에 앉을 거라며 점장이 무려 14년째 이 악물고 피눈물 흘리며 존버 중인 눈물겨운 매장이다.",경전철 뚫리면 이 구역 맥모닝은 다 내꺼다라며 매일같이 공사판을 노려보는 점장의 눈물겨운 부동산 휴먼 다큐멘터리 성지.,현재는 주위에 덤프트럭과 포크레인 기사님들이 주 고객층이라 함바집을 방불케 하는 터프한 분위기를 풍긴다. <del>먼지가 하도 날려서 매장 유리창 청소가 일상이다.</del>,"특별한 애니 밈은 없지만, 14년째 기다리는 점장의 집념이 마치 애니메이션 속 꺾이지 않는 근성의 주인공 같다며 일부 덕후들에게 기묘한 리스펙을 받고 있다.","급행버스: 920 / 간선버스: 106, 107 / 지선버스 (원변읍 연계 300번대): 301, 302, 303, 304, 305, 306, 307, 308, 309, 310 / 마을버스: 원변 01, 원변 02, 원변 03",McDonald's Wonbyeon DT
덕빈북도,서해시,서해우궁DT,DT,2015-11-20,우궁대로 55 (우궁2동),서해 우궁역(예정),24시간,078-823-2008,"맥드라이브, 주차, 맥모닝, 딜리버리","DT 진입 코너 출구가 F1 레이싱 서킷 마냥 90도로 악랄하고 복잡하게 직각으로 꺾여 있어, <del>멋모르고 드라이브 스루에 진입한 초보 운전자들 범퍼와 휠을 여럿 아작 내버린 악마의 코스.</del>",우궁 서킷 드리프트의 전설 구역. 드라이브 스루 벽면에 긁힌 차량 페인트 자국만 긁어모아도 무지개색을 칠할 수 있다는 '우궁 서킷'의 공포가 내려온다.,카렌트 초보자들이 햄버거 하나 쉽게 먹어보려다가 수리비로 수십만 원을 깨먹고 눈물을 흘리며 콜라를 들이켜는 비극이 자주 연출된다.,"마치 이니셜D의 아키나 산 코너를 연상케 하는 극악의 난이도 덕분에, 이니셜D 유로비트 BGM을 틀어놓고 드리프트 하듯 스루를 빠져나가는 미친 레이서 컨셉충들이 썰로 전해진다.","공항버스: 910 / 간선버스: 100, 101, 102, 105, 107 / 순환버스: 서해 11, 서해 12, 우궁 21, 우궁 22",McDonald's Seohae Ugung DT
덕빈북도,서해시,방부DT,DT,2017-03-04,방부로 88 (방부1동),서해 방부역(예정),08:00~23:00,078-834-2008,"맥드라이브, 주차, 맥모닝, 딜리버리",빽빽하고 거대한 대단지 아파트 숲 한가운데 절묘하게 껴있어 동네 초딩들 생일파티 전용 대관소 수준으로 쓰이며 주말만 되면 아이들의 아지트로 완전히 변질된다. 해피밀 닌텐도 장난감 나오는 날엔 쟁탈전 대란이 벌어지는 지옥.,데시벨 100dB을 항시 유지하는 끔찍한 초딩 지옥. <del>이어폰 노이즈 캔슬링 성능을 극한으로 테스트하러 오타쿠들이 굳이 방문하기도 하는 곳이다.</del>,가족 단위 손님이 90% 이상이라 주말 런치 타임에는 애들이 쏟아놓은 콜라와 케첩 자국으로 바닥이 끈적거려 알바생들이 대걸레를 손에서 놓지 못한다.,"특정 애니 밈보다는 포켓몬, 마리오 등 메이저 해피밀 콜라보가 열리면 동네 맘카페와 아이들이 연합군을 형성해 매장을 초토화시키는 거대 레이드 보스전의 성지다.","광역버스: 900 / 간선버스: 100, 104, 105, 110 / 지선버스 (도심 밀착 200번대): 207 / 지선버스 (우곡/해안/지중/북야 800번대): 801, 802, 803, 804, 805 / 순환버스: 서해 11, 서해 12, 방부 31",McDonald's Bangbu DT
덕빈북도,서해시,천로점,일반,2021-07-15,천로 22 (천로1동),서해 천로역(예정),08:00~23:00,078-845-2008,"주차, 맥모닝, 맥딜리버리, 디카페인",서해시 유일의 '일반' 뚜벅이용 신규 매장. 상가 1층 최고 노른자 꿀자리에 위치해 라이더 픽업과 배달 수요가 상상을 초월할 정도로 극단적으로 높다.,매장 입구 앞이 항상 배달 오토바이로 꽉 막힌 거대한 바리케이드. 배달앱 주문 알람(배달의 민족 주문!)이 1초도 꺼질 날이 없는 라이더들의 영원한 성지.,"<del>오토바이를 뚫고 매장에 진입하려면 고도의 미니게임을 거쳐야 하며,</del> 폭우나 폭설이 내리는 날엔 라이더 콜이 안 잡혀 카운터에 산더미처럼 쌓인 햄버거들을 구경할 수 있다.",애니 밈은 딱히 없으나 오토바이 소리와 매장 콜 소리가 뒤엉켜 마치 기갑부대 기지를 연상케 하는 삭막하고도 바쁜 분위기를 풍긴다.,"광역버스: 900 / 간선버스: 104 / 지선버스: 207 / 순환버스: 서해 11, 서해 12",McDonald's Cheonno
덕빈북도,빈주시,장기DT,DT,2008-09-10,장기대로 100 (장기5동),빈주1 남장기역,24시간,078-123-2001,"맥드라이브, 주차, 맥모닝, 딜리버리",덕빈북도 교통의 대동맥 요지인 교차로 4거리에 우뚝 솟아 있어 택시 기사님들의 든든한 단골 휴식처이자 절대 성지. 야간 12시만 넘으면 빈 차 등을 켠 택시들의 대규모 정모 현장으로 변신한다.,"기사님, 여기 빅맥 세트 하나요가 일상인 곳. 화장실과 주차장이 넓어 피곤한 기사님들의 오아시스 역할을 톡톡히 한다.",심야 시간대에는 술 취한 손님을 떨궈주고 햄버거로 허기를 달래는 기사님들의 고단한 삶의 애환이 묻어나며 믹스커피 대신 맥카페가 불티나게 팔린다.,"장기(長崎)구가 일본 나가사키와 한자가 완벽하게 똑같다 보니, 뱅드림 마이고 '나가사키 소요'(...) 관련 밈이 빵 터졌다. 매장에서 누가 밴드 곡 '하루히카게'를 틀면 햄버거 먹다 말고 대성통곡하는 오타쿠들이 출몰하며, <del>구글 맵에 치면 큐슈 나가사키역과 같이 검색된다는 황당한 카더라가 돌고 있다.</del>","간선버스: 26, 13번 (남장기역 정류장) / 지선버스: 장기구03번",McDonald's Janggi DT
덕빈북도,빈주시,장기역점,일반,2024-05-18,장기역로 45 (장기4동),1/2/빈주광역 장기역,06:00~24:00,078-134-2001,"맥모닝, 맥딜리버리, 디카페인",기존 이마트 장기점이 처참히 멸망한 후 그 영혼을 계승하여 역 상가에 훨씬 거대하고 쾌적하게 부활했다. 무려 3개 노선 환승 지옥철 앞이라 출퇴근 포장 수요가 덕북 내 압도적 1위의 매출을 자랑한다.,"아침저녁으로 쏟아지는 포장 주문 탓에 픽업 번호표가 전광판을 뚫고 나가며, 쉴 새 없는 호출에 매니저의 다크서클이 턱까지 내려오는 극한 직업의 성지.",지하철 환승 시간에 쫓기는 직장인들의 스피드 주문이 빗발쳐 <del>알바생들의 버거 포장 속도가 가히 신의 경지에 올랐다고 전해진다.</del>,장기DT와 더불어 완벽한 나가사키 소요 투어 맵의 필수 코스로 묶인다. 여기서 버거를 포장해서 장기DT로 넘어가 인증샷을 남기는 징그러운 씹덕 순례루트가 암암리에 정착되었다.,"광역/급행: 600(급행), 601(급행), 빈주-강주 직행좌석 / 간선버스: 110, 204, 405, 501 / 지선/마일: 장기05, 장기06, 장기07, 빈성12",McDonald's Janggi Station
덕빈북도,빈주시,월삼DT,DT,2020-12-05,월삼로 12 (월삼2동),빈주2 신월삼역,07:00~24:00,078-145-2001,"맥드라이브, 주차, 맥모닝, 딜리버리",왕복 6차선 도로 건너편에 자리 잡은 롯데리아와 대형 플랜카드를 서로 내걸고 치열하며 유치하기 짝이 없는 상권 햄버거 쟁탈 치킨게임을 벌이는 중. 서로를 헐뜯는 경쟁이 동네 명물이다.,"우린 패티가 2장이다! vs ""우린 감튀 공짜로 준다!"" 등 찌질하면서도 귀여운 문구의 플랜카드 전쟁이 지역 주민들의 소소한 웃음거리다.","도로를 사이에 두고 두 브랜드 알바생들이 분리수거할 때마다 레이저 눈빛을 쏘아대며, 손님들도 오늘 어느 쪽이 조건이 더 좋은지 저울질하다 들어간다.","동네 이름이 월삼(月森)이라 뱅드림 명문 아가씨 학교 '츠키노모리 여학원' 한자와 완벽히 동일하다. 모르포니카, 나가사키 소요, 와카바 무츠미, 토가와 사키코 등 출신생들과 기괴하게 얽히며 빅맥을 게걸스럽게 쑤셔 넣으며 ""오호호"" 거리는 <del>가짜 아가씨 컨셉충이 빈번하게 출몰한다.</del>","간선버스: 95, 48번 (신월삼역 정류장) / 지선버스: 장기구03번, 장기05, 장기 14",McDonald's Wolsam DT
덕빈북도,빈주시,천조DT,DT,2012-04-20,천조로 77 (천조읍),빈주광역 증림역,24시간,078-156-2001,"맥드라이브, 주차, 맥모닝, 딜리버리","2012년 기존 빈성구 시내에서 이전한 덕빈북도청이 있는 신도시의 압도적이고 빛나는 랜드마크. 읍 치고는 인구가 단숨에 7만 명이나 폭증한 슈퍼 읍내라 인근 천남동 북부, 상만동 동부 사람들도 여기가 더 가까워 관문처럼 다 몰려들러 온다.",도청 공무원들과 신도시 주민들의 야근 식량 창고. 밤늦게까지 불이 꺼지지 않는 도청의 애환을 달래주는 등대 같은 곳.,"가원구 초입에 위치해 있어 차량 접근성이 매우 뛰어나며, 도청 행사나 집회가 있는 날에는 단체 주문으로 매장 안이 아수라장이 된다.",동네 이름이 천조(千早)라 뱅드림 마이고 '치하야 아논' 성씨와 완벽 동일하다. <del>중증 덕후 점장이 기어코 '아논버거'로 신메뉴 이름 슬쩍 개칭 기안을 올렸다가 본사 암행한테 걸려 뒤지게 저지당하고 쿠사리 먹었다는(...)</del> 전설적이고 슬픈 소문이 확고하게 자리 잡았다.,"급행/좌석: 600, 700 / 간선버스: 150, 310, 450, 500 / 지선버스: 810, 850 / 공영버스: 가원 11 / 심야버스: N20",McDonald's Cheonjo DT
덕빈북도,빈주시,상만DT,DT,2017-08-11,상만대로 33 (상만2동),빈주1/2 상만역,24시간,078-167-2001,"맥드라이브, 주차, 맥모닝, 딜리버리","상만환승센터에서 지루하게 버스를 기다리다 지친 환승객들이 홀린 듯 들어와 그들의 지친 육신과 영혼, 그리고 지갑을 싹 빼먹는 완벽한 입지 깡패 뱀파이어 매장이다.",<del>막차가 끊긴 후 갈 곳 잃은 노숙자와 취객들이 첫차와 맥모닝 타임까지 좀비처럼 버티는 생존형 대합실 역할을 겸한다.</del>,"상만환승센터의 엄청난 유동인구 수요를 혼자서 꽉 잡고 있는 알짜배기 돈통 매장이라, 본사에서도 극도로 아끼는 핵심 매출처다.","수많은 유동인구 탓에 씹덕 밈이 형성될 틈도 없이 바쁘지만, 밤샘 오타쿠들이 다음 날 행사 첫차를 타기 위해 밤을 새우는 코스퍼 존으로 가끔 쓰인다.","급행버스: 710 / 좌석버스: 800 / 간선버스: 100, 101, 105, 302, 320, 500 / 지선버스: 860, 가원01, 가원03",McDonald's Sangman DT
덕빈북도,빈주시,천남DT,DT,2011-01-25,천남로 9 (천남3동),-,07:00~01:00,078-178-2001,"맥드라이브, 주차, 맥모닝, 딜리버리","도보 20분 거리에 빈주광역선 천남역이 있긴 하지만, 위치가 너무 애매하고 멀어서 실질적으론 100% 자가용을 끌고 방문해야만 하는, 황야에 덩그러니 놓인 미국 텍사스 사막식 로드사이드 감성 매장.",차 없으면 절대 못 가는 고립된 햄버거집. <del>뚜벅이들이 햄버거 하나 먹겠다고 무모하게 걸어갔다가 길에서 고라니와 정면으로 마주쳤다는 괴담 썰이 돌고 있다.</del>,"오직 드라이브 스루와 주차 고객만으로 굴러가지만, 국도를 타는 트럭 기사들과 장거리 운전자들의 오아시스 역할을 해 매출은 꽤 쏠쏠하다.",황량한 분위기 덕에 포스트 아포칼립스나 좀비물 애니메이션 생존 기지 컨셉으로 사진을 찍어가는 기괴한 밀리터리 덕후들이 있다.,"좌석버스: 900 / 간선버스: 220, 230 / 지선버스: 812, 가원 13",McDonald's Cheonnam DT
덕빈북도,빈주시,동신DT,DT,2014-06-30,동신로 101 (동신동),빈주1 빈주동신역,08:00~24:00,078-189-2001,"맥드라이브, 주차, 맥모닝, 딜리버리","옛 빈주역점 매장이 살아있을 땐 도로 하나 두고 지독하게 진흙탕 팀킬 내전을 벌이다가, 결국 역점이 폐점한 후 시내 상권을 승자의 여유로 완전히 독점하며 왕좌에 오른 곳.","승자만이 살아남는 덕북의 고독한 맥날 이라는 생존 밈이 붙어, 사업 성공 기원용으로 빅맥 세트를 호쾌하게 먹으러 오는 지역 아재들이 꽤 있다.","경쟁자가 사라진 후 리모델링까지 싹 마쳐서 시내를 완벽히 독점 중이며, <del>알바생들도 과거의 전시(?) 체제에서 벗어나 평화를 누리고 있다.</del>","경쟁자를 짓밟고 일어선 매장 특성상, 배틀물 애니메이션에서 라이벌을 꺾은 최종 승리자 밈이 살짝 묻어 있어 덕후들이 승리 포즈 인증샷을 남기기도 한다.","급행버스: 600, 710, 720 / 좌석버스: 800, 900, 덕빈01 / 지선버스: 832, 840, 빈성14 / 간선버스: 100, 120, 150, 200, 202, 210, 300, 305, 400, 450, 500, 502 / 마을버스: 늑골01 / 공영버스: 빈성11 / 심야버스: N10, N30",McDonald's Dongsin DT
덕빈북도,빈주시,빈주점,일반,1996-05-20,관동대로 5 (관동4가),빈주1 관동4가역,08:00~23:00,078-190-2001,"맥모닝, 맥딜리버리, 디카페인",덕빈북도를 넘어 현 시점 덕빈권 전체를 통틀어 가장 오래 살아남은 덕북 1호점 조상님격 매장. 인테리어 리모델링을 징하게 안 해서 옛날 90년대 올드스쿨 타일과 플라스틱 의자 냄새가 찐하게 남아있다.,역사적 상징성이 어마어마한 레트로 매장. 90년대 레트로 감성 씹덕들이 필름 카메라나 캠코더를 들고 와서 힙스터 짓 하느라 인스타 성지가 되어버렸다.,"너무 오래된 매장이라 <del>천장 에어컨마저 골동품 수준이지만,</del> 어릴 적 부모님 손잡고 해피밀 먹던 추억을 잊지 못해 꾸준히 찾아오는 3040 단골들이 매상을 굳건히 지킨다.",응답하라 1990년대 감성을 자극하는 인테리어 덕분에 고전 애니나 레트로 게임 덕후들이 배경 삼아 피규어 사진을 찍고 가는 고전 성지로 대우받는다.,"간선버스: 100, 200, 310, 503번 (관동4가역 정류장) / 지선버스: 빈성07, 빈성08번",McDonald's Binju
덕빈북도,약산시,약산역석DT,DT,2011-12-24,역석대로 82 (역석동),-,24시간,078-312-2003,"맥드라이브, 주차, 맥모닝, 딜리버리","크리스마스이브에 패기롭게 요란하게 오픈해서 버거 사려는 차들이 무려 100m 넘게 줄을 서 외곽 교통망이 완전히 마비, 분노하고 참다못한 경찰이 출동해 강제 해산시켰던 전설의 오픈 날 기록 데뷔전을 보유함.",매년 크리스마스만 되면 당시의 극악 교통 마비 사태를 기념(?)하기 위해 렌트카와 폭주족들이 드라이브 스루로 떼지어 돌진하는 진풍경이 벌어진다.,<del>오픈 첫날의 충격적인 매출 뽕에 취한 점장이 아직도 그때 무용담을 신입 알바생들에게 귀에 딱지가 앉도록 털어놓는다는 꼰대 괴담이 있다.</del>,교통 마비를 일으켰다는 강렬한 임팩트 덕분에 폭주족 만화(상남2인조 등) 밈이 붙어 라이더 오타쿠들의 성지순례 폭주 코스로 슬쩍 끼어있다.,"간선버스: 122 / 지선버스: 245, 501, 550, 551 / 마을버스: Y-1 / 효빈광역버스: 7000, 9000",McDonald's Yaksan Yeokseok DT
덕빈북도,약산시,장곡DT,DT,2015-03-15,장곡로 11 (장곡읍),1호선 장곡역,08:00~24:00,078-323-2003,"맥드라이브, 주차, 맥모닝, 딜리버리",읍 단위의 동네인데도 인구가 5만 명 메가급이라 웬만한 시내 번화가 뺨치는 극악의 매출을 자랑함. 동네 가오 잡는 오토바이족 양아치부터 학원 끝난 뿔테 모범생까지 다 모이는 장곡읍 유일의 프랜차이즈 핫플이자 대통합 용광로.,"장곡읍 청소년 서열의 집결지. 일진 형아들이 구석에서 감튀 먹고 있고, 그 옆 테이블에선 중학생들이 포켓몬 카드를 까는 기묘한 공존이 이루어진다.","<del>경찰 순찰차가 매장 앞을 수시로 맴돌며 탈선(?)을 방지하며,</del> 동네 아이들에게는 주말 최고의 놀이공원이자 문화센터 역할을 독톡히 수행한다.",장곡이라는 이름이 '하세가와' 한자 일부와 묘하게 겹쳐서 봇치더락 '키타 이쿠요' 성우(하세가와 이쿠미) 성지로 어이없게 둔갑했다(...). 매장 안에서 '키타-앙' 눈부신 아우라 발산하며 인싸짓 시도 시 불량배들에게 바로 쫓겨나니 주의.,"장곡역: 약산 10, 약산 15, 약산 101, 약산 105, 장곡순환 01 / 급행좌석버스: 3000, 4000 / 간선버스: 101, 101-1 / 지선버스: 220, 270, 301, 320, 325, 370, 531, 570,455 / 순환버스: 장곡순환 01, 장곡순환 02, 장곡순환 03",McDonald's Janggok DT
덕빈북도,약산시,약산2호점,일반,2023-05-05,약산중앙로 22 (약산2동),빈효광역 약산역,08:00~23:00,078-334-2003,"주차, 맥모닝, 맥딜리버리, 디카페인",과거 약산시청점 폐점 이후 무려 11년 만에 기적적으로 다시 생긴 약산 시내권 일반(뚜벅이용) 매장. 차 없는 뚜벅이 고등학생들의 한 맺힌 피눈물이 짙게 서려 있는 상징적 공간.,<del>11년 동안 옆 동네 롯데리아 눈칫밥만 먹으며 설움을 삼켰던 뚜벅이들이</del> 해방을 외치며 아침 점심 저녁 3끼 맥도날드 챌린지를 강행하는 보복 소비의 성지.,"매장 오픈 날 인근 고등학교에서 단체로 환호성을 질렀다는 카더라가 있으며, 뚜벅이들의 염원이 담겨 홀은 언제나 앉을 자리 없이 꽉꽉 들어차 있다.","오랜 가뭄 끝에 내려온 단비 같은 매장이라, 사막에서 오아시스를 만난 생존물 애니메이션의 밈이 덧씌워져 덕후들이 감격의 눈물을 닦으며 버거를 먹는 흉내를 낸다.","효빈광역버스: 5000, 7000, 9000, 8888 / 급행좌석버스: 1000, 3000, 4000 / 간선버스: 100, 120, 143, 150 / 지선버스: 205, 215, 250, 260, 270, 280, 310, 311, 340, 355, 400, 402, 403, 425, 480, 481, 482, 502, 521, 580 / 마을버스: Y-4, Y-9",McDonald's Yaksan 2nd
덕빈북도,천주시,팔호DT,DT,2013-09-09,팔호대로 30 (팔호동),HDTX-A/천주1 팔호역(예정),24시간,078-212-2002,"맥드라이브, 주차, 맥모닝, 딜리버리","팔호역은 아직 공사판 흙먼지 펄펄 날리는데, 나중에 미개통된 GTX-A 노선이 뚫리면 기차 타기 전 빠르게 입에 쑤셔 넣고 뛰어가기 최적의 요충지라 미리부터 알박기를 대성공한 선구자적 매장이다.",점장의 미친 부동산 안목이 돋보이는 곳. <del>주식 및 부동산 갤러리 네임드 점장이라는 흉흉한 소문이 돌아</del> 햄버거 시키며 주식 종목을 묻는 미친놈들이 있다.,현재는 주위에 공사장 인부 아저씨들이 주 고객이라 함바집 특화 메뉴(빅맥 라지 세트)가 불티나게 팔리며 흙 묻은 작업화 자국이 홀을 수놓는다.,"아직 완공되지 않은 미래 도시를 배경으로 한 SF 애니메이션의 황량한 전초기지 컨셉으로 덕후들이 사진을 찍어가며, 훗날 떡상할 성지를 미리 선점하는 맛이 있다.","급행버스: 1001 / 간선버스: 101, 103, 112, 116, 118, 124, 127, 133, 500, 506, 513 / 지선버스: 404, 405, 406, 408, 416, 437",McDonald's Palho DT
덕빈북도,천주시,대뢰DT,DT,2009-11-11,대뢰로 55 (대뢰3동),빈효광역 대뢰역,07:00~24:00,078-223-2002,"맥드라이브, 주차, 맥모닝, 딜리버리","반경 50m 좁은 골목 안에 맘스터치, 롯데리아까지 다닥다닥 붙어 있어서, 매장 앞 분리수거 쓰레기를 버리러 나갈 때 타 브랜드 알바생들끼리 눈이 마주치면 레이저를 쏘는 피 튀기는 데스매치 구역.",3대 버거 프랜차이즈의 피 튀기는 삼국지. 밤마다 유니폼 입은 알바생들의 소리 없는 눈싸움과 전투기 뺨치는 견제가 한 골목에서 스릴 넘치게 펼쳐진다.,<del>가끔 손님들이 맘스터치 감자튀김 봉투를 들고 맥도날드 매장에 들어와 콜라를 시키는 선 넘는 기행을 벌여 매니저들의 심기를 극도로 불편하게 만든다.</del>,"프랜차이즈 삼국지라는 완벽한 설정 덕에 패권 다툼을 다루는 열혈 배틀물 애니 밈이 깊게 깔려 있으며, 알바생들의 앞치마 색깔로 진영을 구분하는 팬픽(?)적 상상력이 동원된다.","광역급행(준): (M)1004 / 급행버스: 1002 / 간선버스: 100, 104, 112, 115, 118, 124, 125, 128, 131, 133, 135, 138, 439, 500, 505, 507, 511 / 지선버스: 402, 408, 409, 416 / 마을버스: 천성 02, 천성 06, 천성 15",McDonald's Daeroe DT
덕빈북도,천주시,궁하DT,DT,2014-01-20,궁하로 2 (궁하2동),빈효광역/천주1(예정) 궁하역,08:00~23:00,078-234-2002,"맥드라이브, 주차, 맥모닝, 딜리버리",천주이마트 내 매장이 씁쓸하게 폐점(이마트 건물 자체는 아직 살아있음)한 후 쏟아진 궁하역 역세권 거대 수요를 전담하며 얌체같이 혼자서 전부 쓸어 담고 달달하게 꿀 빠는 중인 승리자 매장.,이마트 햄버거 난민들을 싹쓸이한 자본주의 최후의 승리자. 주말마다 이마트 카트 끌고 넘어오려는 아줌마들을 저지하느라 알바생들이 진땀을 뺀다.,"매장 내 유동인구가 너무 많아 항상 시끄러우며, 역세권 프리미엄 덕분에 가만히 숨만 쉬어도 돈이 복사되는 알짜 중의 알짜 노른자 점포다.","동네 이름 궁하(宮下)가 러브라이브 니지동 갸루 **'미야시타 아이'** 성씨와 완벽히 동일해서 성지순례를 엄청나게 온다. 아재 개그 날리면서 메뉴판에도 없는 '몬자야끼 버거' 내놓으라고 징징대는 덕후 빌런들 때문에 알바생들 수명이 10년 단축된다고 한다(...). <del>당연하지만 일본에도 없는 버거라 ""그딴 거 없다""고 쫓아낸다.</del>","급행버스: 1000, 1003 / 간선버스 (200번대): 200, 201, 202, 203, 205, 209, 210, 211, 213, 215, 218 / 간선버스 (500번대): 500, 502, 503, 505, 510 / 지선버스 (300번대): 301, 304, 306, 319 / 마을버스: 궁하 03",McDonald's Gungha DT
덕빈북도,천주시,천주아이DT,DT,2017-07-07,아이로 99 (아이2동),빈효광역 아이역,24시간,078-245-2002,"맥드라이브, 주차, 맥모닝, 딜리버리",궁하역 주변 구도심보다 훨씬 쾌적하고 번화한 최신 신흥 주거단지 아이동 매장. 초딩 애들이 유독 바글바글해서 닌텐도 마리오 콜라보 등 해피밀 장난감 입고 당일 1시간 만에 전량 품절 1위 컷팅을 찍는 광기의 헬게이트.,해피밀 닌텐도 대란의 최전방 헬게이트 구역. 장난감 품절 소식을 듣고 울고불고 드러눕는 잼민이들과 달래는 엄마들의 한숨으로 매장이 떠나갈 듯하다.,"젊은 부부들이 많이 사는 신도시 상권이라 유모차 파킹 공간이 매장 내에 거대하게 형성되어 있으며, 아기의자 쟁탈전이 매일 벌어지는 육아의 치열한 현장이다.",여기 동네(아이동) 이름 자체도 **'미야시타 아이'**의 이름과 완벽히 동일해 궁하DT와 더불어 완벽한 더블 아이쨩 성지. <del>궁하에서 쫓겨난 몬자야끼 빌런들이 여기서 2차로 몬자야끼 버거를 찾으며 깽판을 치다 매니저에게 소금 맞고 쫓겨난다.</del>,"급행버스: 1000 / 간선버스: 200, 204, 208, 212, 218, 222, 226, 500, 504, 509 / 마을버스: 궁하 02",McDonald's Cheonju Ai DT
덕빈북도,강주시,문성DT,DT,2012-08-15,문성대로 10 (문성2동),빈주광역 문성역,24시간,078-512-2005,"맥드라이브, 주차, 맥모닝, 딜리버리",구 강주대점 폐점 후 햄버거 먹을 곳 잃고 방황하는 불쌍한 대학생들 영양과 칼로리를 무상급식처럼 책임지는 거대 식량 배급소. 강주시 대학생들의 팍팍한 수요가 이곳으로 몽땅 다 쏠렸다.,대학생 카공족들의 영원한 노트북 베이스캠프. 시험 기간만 되면 <del>노트북 펴놓고 음료 하나 시킨 채 콜라 리필(안 됨)을 뻔뻔하게 요구하며 진상 부리는 놈들</del>이 떼거지로 출몰한다.,"교수님 욕과 과제 한탄 소리로 매장 안이 가득 차며, 늦은 밤에는 술 취한 대학생들이 해장용으로 치즈버거를 씹으며 비틀거리는 대학가 특유의 낭만(?)이 서려 있다.","가난한 대학생들의 생존형 햄버거 배급소라는 점이, 학원 묵시록이나 생존물 애니의 피난 기지 밈과 묘하게 겹쳐지며 대학생 덕후들의 서글픈 공감대와 자조 섞인 성지로 기능한다.","광역버스: 900 / 간선버스: 100, 101, 102, 130, 170 / 순환버스: 강주11, 강주12 / 마을버스: 문성02",McDonald's Munseong DT
덕빈북도,강주시,강주심전DT,DT,2017-04-05,심전로 77 (심전2동),-,07:00~01:00,078-523-2005,"맥드라이브, 주차, 맥모닝, 딜리버리","허허벌판 외곽에 뜬금없이 엄청난 주차장 규모와 평수로 크게 지어져서, 밤에 외제차 끌고 차 자랑하러 온 카푸어 커플들의 가성비 드라이브 데이트 코스로 필수적으로 꼽히는 기묘한 성지.","심야에 렌트카와 할부 풀로 당긴 외제차가 주차장을 가득 메우며, 불법 튜닝 마후라 배기음 소리가 매장 유리창을 사정없이 때려대는 튜닝카 전시장이다.","<del>드라이브 스루 스피커에 대고 허세를 부리며 주문하는 가오충들이 많아 알바생들의 비웃음을 사며,</del> 밤마다 경찰차가 주변을 순찰 도는 은근한 요주의 구역.","차덕후들과 카푸어들의 핫플인 탓에, 이니셜D나 사이버 포뮬러 같은 레이싱 애니메이션 BGM을 빵빵하게 틀고 드라이브 스루를 통과하는 빌런 오타쿠들이 밤의 정적을 찢어놓는다.","광역버스: 920 / 간선버스: 100, 130, 160, 275 / 순환버스: 강주11, 강주12",McDonald's Gangju Simjeon DT
덕빈북도,군천시,군천애음DT,DT,2015-06-22,애음로 30 (애음3동),-,08:00~24:00,078-612-2006,"맥드라이브, 주차, 맥모닝, 딜리버리",구 군천 터미널점 철수의 아쉬움에 햄버거 폭동이 일어나기 직전이던 군천 시민들의 극대노를 달래기 위해 본사에서 급히 거대하게 지은 대장 거함 위로 매장.,햄버거 없이 못 사는 군천 시민들의 분노 조절 장치. 터미널점 철수의 트라우마를 치유하는 심리 치료 센터급 랜드마크로 떠올랐다.,"매장 크기가 으리으리해서 오픈 초반에는 지역 주민들이 백화점 구경하듯 매장을 배회하는 촌극이 빚어지기도 했으며, 현재는 군천의 완벽한 중심으로 자리 잡았다.",동네 이름이 애음(愛音)이라 뱅드림 마이고 **'치하야 아논'**의 이름 한자와 동일하다. 덕후 점장이 '아논버거'로 개칭 시도를 하려다 본사에 철퇴를 맞고 저지당했다는 소문이 있다(...). 봄 벚꽃 시즌 핑크색 한정 메뉴만 나오면 <del>아논 오시들이 다 털어가서 일반인들은 껍데기 맛도 못 보는 걸로</del> 악명 높다.,"광역/급행버스: 910 / 간선버스: 110, 160, 180 / 지선버스: 301, 302, 303, 304, 305 / 순환/마 마을버스: 애음11, 애음12",McDonald's Guncheon Aeeum DT
덕빈북도,군천시,남민DT,DT,2021-02-10,남민대로 1 (남민2동),-,07:00~24:00,078-623-2006,"맥드라이브, 주차, 맥모닝, 딜리버리","군천시 신시가지 아파트 입주 폭발로 늘어난 미친 수요를 감당하기 위해 개점했으나, 딜리버리 주문표가 영수증 기계를 뚫고 바닥까지 닿아 끌려다닐 정도라 라이더들이 배달을 극도로 기피하는 1순위 폭탄 매장이 돼버렸다.",배달 기사들이 콜 잡기를 두려워하는 최악의 늪. <del>단가가 아무리 높아도 픽업 대기 시간이 30분을 훌쩍 넘겨 라이더들의 블랙리스트 상단에 등재됐다.</del>,"점심, 저녁 피크 타임엔 포장 줄과 화가 난 배달 기사들이 뒤엉켜 시장통을 방불케 하는 혼돈의 카오스 무대가 열리며, 알바생들의 퇴사율이 지역 1위를 달린다.","매일매일이 전장과도 같은 극한 상황 탓에 잔혹한 전장 애니메이션의 '최전방 방어선' 밈이 붙어, 이곳에서 버티는 알바생들은 씹덕들 사이에서 베테랑 용사로 추앙받는다.","광역버스: 900 / 간선버스: 120 / 지선버스: 401, 402, 403, 404, 405 / 마을버스: 남민 21",McDonald's Nammin DT
덕빈북도,계성시,계성DT,DT,2016-10-10,계성대로 55 (계성2동),-,24시간,078-412-2004,"맥드라이브, 주차, 맥모닝, 딜리버리",구도심 계성중앙점 폐점 후 이를 완벽히 대체하기 위해 외곽에 크고 쾌적하게 새로 차림. 주말 늦잠 자고 부시시한 머리에 슬리퍼 질질 끌고 나오는 동네 츄리닝 부대들의 브런치 메카이자 백수 대통합의 장.,주말 아침 동네 백수와 아저씨들의 대통합 브런치 카페. 햄버거 세트에 신문이나 폰을 보며 여유를 즐기는 K-백수 감성이 매장을 가득 채운다.,"맥날 알바생들이 식사로 주는 햄버거가 하도 물리다 보니, <del>휴식 시간에 굳이 매장 유니폼 입고 옆 규동집 가서 ""아~"" 거리면서 규동을 퍼먹고 온다는</del> 기괴한 동네 카더라가 정설로 굳어졌다.",시 이름이자 동네 이름이 계성(桂城)이라 하스노소라 **'카츠라기 이즈미'** 성씨 한자와 동일해 완벽한 밈이 되었다. 알바생들의 일탈(?) 규동 먹방 썰마저 애니메이션의 코믹한 일상물 에피소드처럼 오타쿠들 사이에서 재미있게 소비된다.,"급행버스: 900 / 간선버스: 100, 102 / 순환버스: 10, 11 / 마을버스: 계성02 / 지선버스: 810, 811, 812, 820, 821, 822, 830, 831, 832, 833 / 좌석버스: 3100",McDonald's Gyeseong DT
덕빈북도,계성시,계성진백점,일반,2024-09-01,진백로 88 (진백1동),빈주광역 계성진백역,08:00~23:00,078-423-2004,"주차, 맥모닝, 맥딜리버리, 디카페인","역 상가 구석탱이에 환풍구 쥐구멍처럼 기생하듯 작게 입점하여, 지나가는 출근충들의 아침 맥모닝 포장 수익을 낭낭하게 빨아먹으며 끈질기게 연명 중인 알짜 생존형 매장.",출근길 1분 1초가 아쉬운 직장인들의 맥모닝 픽업 하나로 먹고사는 작지만 강한 꼬마 점포. <del>매장이 너무 좁아 홀 식사는 사실상 서서 먹는 수준이다.</del>,"매장 크기가 작다 보니 대형 물류 트럭이 올 때마다 역 앞이 복잡해지는 소소한 민폐(?)가 발생하며, 비 오는 날엔 우산 쓴 포장 손님들로 좁은 역 상가가 미어터진다.","진백동이라는 이름이 뱅드림 **'쿠라타 마시로'**의 중국어 번안명(진백)과 유사해 이즈미 밈(계성)과 환장의 씹덕 콜라보를 이룬다. 그야말로 아마네스(신도 아마네=마시로, 덕주1호선 이덕희 성우) 절대 성지. 창전DT처럼 아마네스가 내한하는 날이면 전국구 성지순례객이 몰려와 매장 햄버거 빵 씨가 완벽히 마르는 초유의 사태가 발생한다.","간선버스: 101 / 지선버스: 204 / 순환버스: 20, 21 / 마을버스: 진백 01 / 급행버스: 920",McDonald's Gyeseong Jinbaek
덕빈북도,낭원군,낭원DT,DT,2017-05-01,낭원읍로 20 (낭원읍),-,07:00~24:00,078-256-2002,"맥드라이브, 주차, 맥모닝, 딜리버리","낭원군은 인구 14만, 읍내만 4만 후반에 달하는 메가 괴물급 군. 이름이 비슷한 전북 남원시(7.5만) 전체 인구보다 커서 '시골 스벅' 취급받으며 농번기엔 할아버지들이 경운기랑 트랙터를 끌고 와서 햄버거를 쓸어 담는 장사가 미친 듯이 개잘되는 랜드마크.",경운기와 흙 묻은 트랙터가 드라이브 스루 대기열에 당당히 서 있는 진정한 농촌 낭만의 현장이자 컬처쇼크. <del>도시 놈들이 촌동네 취급하면 어마어마한 점포 매출표로 귀싸대기를 맞는다.</del>,"주말엔 읍내 차들과 어르신들이 다 모여 북새통을 이루며, 심지어 약간 거리가 있는 번화가 전포읍(약 9만) 수요까지 합치면 전북 남원시 전체 인구를 가볍게 씹어 먹는 엄청난 상권의 블랙홀이다.","도농 복합의 기묘한 조화 덕에 일상물 치유계 농촌 애니메이션 밈이 살짝 가미되어, 시골로 귀농한 덕후들이 힙하게 경운기를 몰고 맥스파이시를 픽업하는 인증샷이 넷상에서 전설처럼 돌아다닌다.","광역/좌석버스: 900, 900-1, 920, 930, 930-1 / 간선버스: 102, 130, 170 / 지선버스 (200번대): 201, 201-1, 201-2, 201-3, 203, 203-1, 203-2, 203-3, 203-4, 208, 208-1, 208-2 / 지선버스 (500번대): 501, 501-1, 501-2, 502, 502-1, 503, 503-1, 503-2, 507, 507-1, 508, 508-1, 508-2, 509, 509-1 / 순환버스: 낭원 11, 낭원 12",McDonald's Nangwon DT
덕빈북도,서진시,서진아은DT,DT,2022-10-15,아은로 7 (아은3동),-,24시간,078-712-2007,"맥드라이브, 주차, 맥모닝, 딜리버리",2018년 구 서진점이 비참하게 폐업하며 처참하게 끊겼던 서진시 맥세권의 기나긴 암흑기를 4년 만에 화려하고 웅장하게 부활시킨 단비이자 메시아 같은 기적의 매장.,"<del>""드디어 롯데리아의 지독한 독재가 끝났다""</del>라며 지역 맘카페가 눈물의 축제를 벌였던 서진시 햄버거 해방의 날 기념비적 성지.","오픈 첫날엔 맥날을 그리워하던 서진 시민들이 구름 떼처럼 몰려들어 매장 주위로 인간 띠를 두르는 기염을 토했으며, 여전히 주말 매출이 폭발적이다.","부활이라는 극적인 서사 덕분에 소년 만화 애니메이션의 귀환한 영웅 밈이 붙어, 덕후들이 햄버거를 한입 베어 물며 ""왕의 귀환""을 드립으로 외쳐대는 과몰입 감성 구역이다.","급행버스: 900 / 간선버스: 100, 110 / 순환버스: 아은 11, 아은 12 / 마을버스: 서진 13",McDonald's Seojin Aeun DT
덕빈북도,기도군,효빈국제공항,일반,2008-01-18,공항로 277 (주길면),3호선 효빈국제공항역,06:00~22:00,078-534-2005,"맥모닝, 디카페인 (배달 불가)","덕빈북도 내 유일무이한 공항 특수 입점 매장. <del>특수 매장이라 맥런치 가격 할인, 앱 쿠폰 적용 등 각종 쏠쏠한 가격 행사가 전부 얄짤없이 제외되는</del> 합법적이고 사악한 지갑 털이범이다.",면세점 뺨치는 햄버거 바가지 물가. 비행기 타기 전 굶주린 배를 부여잡고 눈물을 머금은 채 정가 다 주고 사 먹어야 하는 공항 내 최후의 식량 보급소.,"비싸도 어쩔 수 없이 사 먹게 되는 독점 구조 탓에 손님들의 표정에는 아쉬움이 가득하나, 여행 출발 전 설렘을 담아 인증샷을 찍는 사람들로 캐리어가 홀을 가득 메운다.","비싼 정가 정책 때문에 자본주의의 쓴맛을 보여주는 악덕 상인 밈이 애니 악당 캐릭터들과 찰떡같이 엮여, 결제할 때 ""크큭, 바가지 맛 좀 보아라"" 환청이 들린다는 오타쿠 괴담이 있다.","효빈공항버스: A01, A02, A03 / 지선버스: 330, 331, 332, 333, 334, 335 / 공영버스: 주길 21 / 간선버스: 333 (※ 공항화물터미널 경유)",McDonald's Hyobin Int'l Airport
덕빈남도,낙주시,낙주회삼DT,DT,2011-11-11,회삼로 30 (회삼1동),-,07:00~01:00,077-212-3002,"맥드라이브, 주차, 맥모닝, 딜리버리","2011년 11월 11일 밀레니엄 빼빼로데이에 맞춰 요란하게 오픈해, 당황하고 긴장한 직원이 첫 손님 얼굴에 실수로 초코 아이스크림을 통째로 엎어버렸다는 과장된 슬랩스틱 도시전설을 보유한 매장.",11월 11일 밀레니엄 초코콘 테러의 전설. <del>그날 이후 빼빼로데이만 되면 직원들이 극도로 초코콘 서빙을 조심한다는 귀여운 트라우마가 전해진다.</del>,"이 괴담 같은 전설 덕에 매년 빼빼로데이 매출이 비정상적으로 뛰며, 일부러 첫 손님이 되어 초코콘을 주문하려는 장난기 많은 학생들의 핫플로 쓰인다.","시 이름 '낙주'가 러브라이브 슈퍼스타 리엘라 **'오니츠카 나츠미'**의 별명 '낫츠'와 발음이 비슷해 밈이 됐다. 심지어 동네 이름이 회삼(繪森)동이라 나츠미 성우 **'에모리 아야'**의 성씨(에모리=繪森) 한자와 똑같아버려서, 완벽한 씹덕 종착지 성지로 등극했다. 매장 앞에서 마카롱 스무디 들고 나츠미 브이 컨셉샷 찍는 게 국룰.","BRT 및 급행버스: B1번, 8000번, 8200번 / 좌석/광역버스: 901번 / 간선버스: 100번, 102번, 107번 / 순환 및 마을버스: 회삼 11번, 회삼 12번",McDonald's Nakju Hoesam DT
덕빈남도,낙주시,낙주삼채DT,DT,2016-05-05,삼채대로 55 (삼채1동),-,08:00~24:00,077-223-3002,"맥드라이브, 주차, 맥모닝, 딜리버리",5월 5일 어린이날 딱 맞춰 노골적으로 개점. 삼채1동 거대 주거단지 밥하기 싫은 엄마들의 영원한 구원투수이자 든든한 햄버거 보급소 역할을 톡톡히 하는 주말 외식 1번지.,"해피밀 대란 최전선. 어린이날 개점이라는 상징성 덕에 부모님 지갑을 무참히 털어가는 해피밀 블랙홀로 통하며, <del>장난감 입고일엔 아빠들의 텐트 노숙이 벌어지기도 한다.</del>","가족 외식이 많아 매장 안은 항상 유치원 수준으로 시끄럽고 활기차며, 아이들 눈높이에 맞춘 풍선 아트나 소소한 이벤트가 자주 열리는 아기자기한 지점이다.","낙주(낫츠) 밈에 더해, 동네 이름 삼채(森彩)가 에모리 아야의 이름 한자(아야=彩, 모리=森)와 소름 돋게 똑같아버려서(...) 낙주회삼DT와 함께 에모리 아야 완벽 성지로 추앙받는다. 뻔뻔하게 계산대에 낫츠 굿즈를 올려놓고 주문하면 점장과 매니저가 이마를 짚으며 깊은 한숨을 쉬는 진풍경이 펼쳐진다.","BRT/급행버스: B2번 / 좌석/광역버스: 901번 / 간선버스: 100번, 104번, 107번 / 순환 및 마을버스: 삼채 21번",McDonald's Nakju Samchae DT
덕빈남도,낙주시,낙주DT,DT,2020-12-24,낙주로 1 (낙주동),-,24시간,077-234-3002,"맥드라이브, 주차, 맥모닝, 딜리버리","크리스마스이브에 산타클로스처럼 홀연히 강림. 구도심 낙주이마트점이 처참히 망한 뒤, 그 틈을 타 낙주 시내 상권의 대장 패권을 맥날 깃발을 확고히 꽂고 완벽히 장악해버린 최종 보스 매장.",낙주 햄버거 생태계의 최종 포식자. 이마트점의 몰락을 밟고 우뚝 선 자본의 냉혹함을 상징하며 상권을 홀로 여유롭게 독식 중이다.,"크리스마스 개점 버프 덕에 매장 인테리어가 어딘지 모르게 따뜻한 연말 감성을 풍기며, 지역 주민들에겐 시내 나들이 후 들르는 필수 방앗간으로 사랑받는다.","도시 이름 '낙주' 자체가 오니츠카 나츠미의 애칭 '낫츠' 그 자체라 리엘라 팬들의 남부 성지 투어 1번지로 확고히 꼽힌다. 버거를 건네받을 때 <del>카운터 앞에서 눈치 없이 ""오니낫츠~!!""를 힘차게 외치며 감튀를 입에 게걸스럽게 쑤셔 넣는 기행이 심심찮게 벌어진다.</del>","좌석/광역버스: 900번, 910번 / 지선버스: 401번, 402번, 403번, 404번, 405번, 406번, 407번, 408번, 501번, 502번, 503번, 504번 / BRT 및 급행버스: 8200번 / 간선버스: 102번, 105번",McDonald's Nakju DT
덕빈남도,덕주시,조전DT,DT,2010-08-15,조전로 100 (조전3동),덕주1 조전구청역,24시간,077-123-3001,"맥드라이브, 주차, 맥모닝, 딜리버리","조전뉴타운의 행정 심장부인 조전구청 바로 코앞에 떡하니 자리 잡은 매장. 덕주시청은 원도심인 덕산구 중앙동에 변함없이 굳건히 버티고 있고, 여기는 조전구청과 뉴타운의 팽창하는 인구를 혼자서 감당하는 알짜배기 관공서·주거 복합 상권이다.",조전구청 8급·9급 공무원들의 피눈물과 영혼으로 세운 감자튀김 탑. 배달 요청사항 영수증에 '구청 재난안전과(혹은 자치행정과)입니다... 의원 요구자료 작성 중이니 제발 10분만 일찍 와주세요 살려주세요 ㅠㅠ' 같은 처절한 비명이 찍혀 나오는 공무원 애환의 블랙박스.,"평일 낮에는 민원 보러 온 주민들과 구청 직원들이 쏟아져 들어오고, 저녁부터 심야까지는 칼퇴를 압류당한 채 엑셀 및 한글 문서와 혈투를 벌이는 조전구청 공무원들의 영혼을 달래는 24시간 야식 벙커로 가동된다. 피크 타임에 알바생과 배달 기사가 구청 청사 안으로 들어가면 퀭한 눈의 주무관들이 구원의 메시아를 보듯 맞이해준다. 주말에는 맘카페 회원들과 초딩 군단이 진입로를 마비시킨다.",덕주시의 행정·생활 랜드마크 매장이라 특별한 억지 서브컬처 결합보다는 '야근 노예들의 눈물겨운 24시간 피난처'라는 극현실주의 밈이 지배적이다. 일각에서는 조전(朝田)이라는 지명 탓에 <del>아침(朝) 관련 애니 캐릭터를 비비려다 공무원들의 살기 어린 눈빛에 기가 눌려 조용히 햄버거만 씹고 도망쳤다는</del> 썰이 있다.,"급행버스: 8000번 / 간선버스: 300번, 301번, 400번, 410번 / 마을버스: 조전 03번",McDonald's Jojeon DT
덕빈남도,덕주시,박현DT,DT,2017-03-20,박현대로 22 (박현동),덕주1 박현역,07:00~01:00,077-134-3001,"맥드라이브, 주차, 맥모닝, 딜리버리",박현동 자체 대단지 인구에 더해 인근 이마트 트레이더스에서 장보기를 마친 카트 부대까지 한꺼번에 넘어와 드라이브 스루 라인과 홀이 말도 안 되게 미어터지는 매출 상위권의 몹시 바쁜 매장.,트레이더스 쇼핑 실패자들의 분노의 맥스파이시 상하이 버거 먹방 핫플. 푸드코트 자리 잡기에 실패했거나 연어초밥을 못 사고 쫓겨난 가족 단위 손님들이 분노를 버거로 치유한다.,"덕주시에서 조전점 다음으로 가장 사람이 미어터지는 초대형 인구 밀집 구역으로, 주말 피크타임엔 <del>애들이 장난감 사달라고 떼쓰는 소리와 엄마들의 잔소리가 2층을 가득 채우는 현실감 200%의 패밀리 헬게이트가 열린다.</del>","이마트 트레이더스와의 끈끈한 상권 연계 탓에, 애니 밈보다는 대형 마트와 햄버거집을 전전하는 주말 K-가장의 고단함을 소재로 한 눈물겨운 일상 생존 밈이 커뮤니티에서 더 공감을 얻고 있다.","급행버스: 8000번 / 간선버스: 300번, 310번 / 지선버스: 721번, 722번, 723번, 724번 / 마을버스: 조전 01번",McDonald's Bakhyeon DT
덕빈남도,덕주시,조전역점,일반,2023-01-10,역전로 5 (조전1동),덕주1 조전역,07:00~24:00,077-145-3001,"주차, 맥모닝, 맥딜리버리, 디카페인",덕주 1호선 조전역 대합실 입구에 위치해 출퇴근 유동인구를 스펀지처럼 빨아들이는 일반 매장. 밀폐된 KTX 객실과 역 대합실 안까지 무자비하게 튀김기 기름 냄새를 뿜어내 강제 식욕을 유발하는 1등 원흉이다.,<del>기차 내 빅맥 봉지 까는 순간 쏟아지는 주변 승객의 암묵적 살기.</del> 열차 타기 전 햄버거 냄새 참기 테스트의 성지이자 다이어터들의 최대 적.,"(물론 KTX를 타려면 덕주1호선을 타고 원도심 덕주역까지 가야 하지만, 환승 전 여기서 버거를 사들고 타는 승객들 탓에 열차 내 냄새 테러의 주범으로 단단히 꼽힌다). 아침 출근 시간엔 직장인들의 맥모닝 포장 타임어택 스피드전이 벌어진다.","지하철과 기차역을 잇는 관문이라는 입지 덕에 이세계물 포탈을 통과하기 전 마지막 식당이라는 재미있는 판타지 애니 밈이 소소하게 오타쿠들 사이에서 공유되며, 포장 봉투를 들고 모험을 떠나는 인증샷이 종종 올라온다.","급행버스: 8000번, 8200번 / 간선버스: 400번, 410번, 420번, 430번 / 지선버스: 701번, 702번, 703번, 704번, 705번, 706번, 707번 / 마을버스: 조전 02번, 조전 03번",McDonald's Jojeon Station
덕빈남도,덕주시,원명DT,DT,2014-10-09,원명로 88 (원명읍),덕주1 원명중앙역,08:00~24:00,077-156-3001,"맥드라이브, 주차, 맥모닝, 딜리버리",한글날 당당하게 개점한 읍내의 유일무이한 문명의 빛과 소금. 읍 치고는 원명읍 규모가 인구 5만 명으로 메가급이라 매우 큰 편인데다 주변 동 지역 인구까지 싹 다 유입되어 웬만한 도심 구(區) 매장 뺨따구를 후려칠 정도로 바쁘다.,<del>알바생 근속 연수가 3개월을 넘기기 힘들다는 슬픈 노예 노동의 현장.</del> 알바생들의 뼛골을 1초 단위로 탈곡해 감자튀김으로 튀겨낸다는 흉흉한 소문이 돈다.,읍내 모든 초·중·고등학생들의 영원한 사랑방이자 군 복무 장병들의 면회 보급소. 장날이나 주말 점심에는 드라이브 스루 줄에 흙 묻은 1톤 트럭과 패밀리 SUV가 사이좋게 나란히 서서 버거를 쓸어 담는 진풍경이 연출된다.,"시골과 도심의 아슬아슬한 경계에 있는 읍내 특유의 분위기 덕에, 시골 전학생이 등장하는 청춘 만화 밈이 덧씌워져 하굣길 교복 입고 아이스크림을 핥는 청춘 감성(?) 사진 포인트로 소비된다.","급행버스: 8200번 / 광역 및 좌석버스: 2000번 / 간선버스: 500번, 510번, 520번 / 지선버스: 601번, 602번, 603번, 604번 / 마을버스: 원명 01번, 원명 02번",McDonald's Wonmyeong DT
덕빈남도,덕주시,화주DT,DT,2010-07-25,화주대로 12 (화주1동),덕주1 화주역,24시간,077-167-3001,"맥드라이브, 주차, 맥모닝, 딜리버리","구도심 덕산구 행정의 중심축인 덕산구청 바로 인근에 자리 잡아, 시청 이전(조전구→화주동) 타이밍 잭팟을 거하게 터트리며 관공서 특화 상권의 알짜 혜택을 온몸으로 누리는 매장.",구청 점심시간 땡 치자마자 11시 55분부터 공무원들이 사원증 목에 걸고 뛰어와 키오스크 앞 런닝맨을 찍는 치열한 생존의 현장.,"덕산구청 공무원들과 화주지구 주민들의 영원한 점심 안식처이자 야근 단골 메뉴 공급처로 명성이 자자하다. <del>12시 10분이 넘어가면 빈 테이블이 없어서 쟁반 들고 서성이는 주무관들을 쉽게 볼 수 있으며,</del> 저녁엔 법인카드 단체 주문으로 그릴 알바생들 손목이 털려 나간다.","관공서 특유의 딱딱함과 햄버거집의 캐주얼함이 섞여 묘한 시너지를 내며, 피로에 절은 회사원 캐릭터가 등장하는 오피스 일상물 애니 밈으로 공무원 덕후들의 짠내 나는 성지로 통한다.","급행버스: 8000번 / 간선버스: 100번, 102번, 120번 / 마을버스: 덕주 01번, 덕주 06번",McDonald's Hwaju DT
덕빈남도,방산시,청전DT,DT,2015-12-24,청전로 33 (청전1동),-,07:00~24:00,077-412-3004,"맥드라이브, 주차, 맥모닝, 딜리버리","구 방산터미널점이 문을 닫고 단체로 서러워 우울증 걸릴 뻔한 방산 시민들에게, 크리스마스 선물처럼 극적이고 눈물겹게 등장해 전설의 영하 10도 오픈런 기원을 이뤄낸 기적의 점포.","<del>""터미널 뺏기고 청전을 얻었다""며 방산 시민들이 눈물 콧물 흘리며 기쁨의 빅맥을 씹었다는 구약성서급 전설 보유지.</del>","터미널점 폐점의 깊은 상처를 햄버거 고기 패티로 치유한 방산 시민들의 무한한 사랑을 받으며, 지역 내 어느 식당보다도 높은 애정도와 매출을 굳건히 자랑하고 있다.","절망 속에서 피어난 희망이라는 극적인 탄생 배경 덕분에, 세기말 아포칼립스 애니의 구원 기지 밈이 붙어 방산 시민 덕후들이 웅장한 BGM을 틀고 입장하는 오글거리는 썰이 전해진다.","급행버스: 1번, 3번 / 간선버스: 12번, 16번 / 순환버스: 121번, 122번 / 마을버스: 131번",McDonald's Cheongjeon DT
덕빈남도,방산시,방산주강DT,DT,2021-06-15,주강대로 77 (주강1동),-,07:00~02:00,077-423-3004,"맥드라이브, 주차, 맥모닝, 딜리버리","매장 앞 주강대로 라인 도로가 항공모함 이착륙도 가능할 정도로 널찍해서, 차량 진입이 매우 편해 대형 11톤 윙바디 트럭 기사님들이 갓길에 웅장하게 차를 세워놓고 빅맥 세트 2개씩 때리러 무수히 온다.",매장 앞 거대 화물 트럭 주차장화. <del>드라이브 스루 입구가 트럭 때문에 자꾸 막혀서 덩치 큰 아재들이 터벅터벅 걸어 들어와 키오스크 앞에서 버퍼링 걸리는 귀여운 뷰를 선사한다.</del>,거친 덤프트럭과 물류 트럭들이 매장을 에워싸고 있어 마치 트랜스포머 군단이 식량 보급을 위해 집결한 듯한 터프하고 기계적인 매력을 풍긴다.,거대 화물차들 사이에서 햄버거를 먹는다는 비주얼이 메카닉 애니메이션 조종사들의 휴게소 밈과 찰떡같이 엮여 로봇물 덕후들의 인증샷 스팟으로 소소하게 꼽힌다.,"급행버스: 2번 / 간선버스: 11번 / 지선버스 70번대, 80번대 / 순환버스: 121번, 122번 / 마을버스: 141번",McDonald's Bangsan Jugang DT
덕빈남도,마진시,마진DT,DT,2017-02-20,마진로 50 (마진1동),-,08:00~24:00,077-612-3006,"맥드라이브, 주차, 맥모닝, 딜리버리",마진시 햄버거 시장을 완벽히 제패한 유일무이하고 극악무도한 맥도날드 독점 매장. 주말 식사 시간엔 드라이브 스루 대기 꼬리가 차도 1차선까지 불법 점령해버리는 헬게이트가 열린다.,햄버거 하나 먹으려면 왕복 1시간은 기본으로 써야 하는 가혹하고 피곤한 독점 상권의 끝판왕 폐해.,"주말마다 차량 꼬리물기로 도로가 마비되다 보니, <del>빡친 교통경찰이 직접 출동해 햄버거집 앞에서 분노의 수신호와 욕을 날리는 진풍경이</del> 정기적으로 벌어진다.","경쟁자가 전혀 없는 독점의 폭군이라는 이미지 덕에 최종 보스 애니메이션 밈이 붙어, 이곳 매니저를 쓰러뜨려야(?) 다른 패스트푸드가 입점할 수 있다는 우스갯소리가 씹덕들 사이에서 돈다.","좌석/광역버스: 7번, 99번 / 간선버스: 1번, 3번, 4번, 5번 / 마을버스: 마진 101번, 마진 102번, 월석 110번",McDonald's Majin DT
덕빈남도,운진군,운진DT,DT,2016-09-09,운진읍로 15 (운진읍),-,08:00~23:00,077-712-3007,"맥드라이브, 주차, 맥모닝, 딜리버리","운진군은 단순한 시골이 아니라 인구 12만 8천여 명의 덕빈남도 최대 메가 군(郡)이자 물류 산업의 심장부임에도, 군 내 유일한 패스트푸드 DT 매장 타이틀을 독식하고 있어 밀려드는 배달과 포장 수요가 폭발적이다.",짧은 머리 청년들의 경건한 초코 쉐이크 먹방 장소. 군화 신고 버거킹 와퍼 냄새를 그리워하며 아쉬운 대로 빅맥을 쑤셔 넣는 슬픈 공간이자 장병들의 오아시스.,<del>지독한 짬밥에 영혼까지 탈곡된 인근 군 장병들과</del> 훈련소 수료식 날 눈물 훔치며 찾아오는 부대 면회객들의 영혼 구제소 역할을 톡톡히 한다. 주말이면 까까머리 군인들로 매장이 올리브그린 빛으로 물든다.,"특별한 애니 밈은 없지만, 밀리터리 덕후들과 진짜 군인들이 뒤엉켜 묘한 전우애를 다지며 생존물 밀리터리 성지로 자리 잡아 덕후와 군인이 하나 되는 대통합을 이룬다.","좌석/광역버스: 9번 / 간선버스: 1번, 2번, 3번, 4번, 5번, 7번 / 지선버스: 11번, 12번, 13번, 14번, 15번, 16번, 17번, 18번, 46 85번, 86번, 87번, 88번, 89번, 90번, 91번, 111번 / 마을/순환버스: 운진 101번, 운진 102번",McDonald's Unjin DT
덕빈남도,매산군,매산대현DT,DT,2023-04-05,대현로 20 (대현읍),-,08:00~24:00,077-434-3004,"맥드라이브, 주차, 맥모닝, 딜리버리",매산군 촌구석에 최초로 위풍당당하게 입성한 대형 프랜차이즈. 오픈 당일 지역 유지들이랑 군수가 축하 화환 10개를 보내고 <del>가위 들고 촌스럽게 리본 컷팅식 하려다 본사 직원이 기겁하며 뜯어말린</del> 레전드 썰이 있다.,촌동네 어르신들의 신문물 햄버거 체험장. 무인 키오스크 앞에서 돋보기를 쓰시고 한참을 고뇌하시는 할아버지들의 뒷모습을 자주 볼 수 있다.,"아직도 햄버거 먹고 나서 식당처럼 쟁반을 테이블에 그대로 쿨하게 두고 나가는 어르신들이 많아, 알바생들이 눈물 콧물로 테이블을 닦는 매우 향토적이고 따뜻한(?) 매장이다.","최첨단 패스트푸드와 농촌 할아버지들의 만남이라는 부조화가, 시골 배경의 힐링 개그 일상물 애니 밈으로 소비되며 덕후들에게 묘한 푸근함과 웃음을 안겨준다.","광역버스: 9000번, 9100번, 9200번 / 간선버스: 1000번, 1001번, 1100번, 1101번, 1200번 / 지선버스: 2001번, 2002번, 2003번, 2004번, 2005번, 2006번, 2007번 / 마을버스 (군청 경유): 대현 11번, 대현 12번",McDonald's Maesan Daehyeon DT
덕빈남도,매성시,매성DT,DT,2014-11-11,근암로 99 (근암1동),-,07:00~01:00,077-312-3003,"맥드라이브, 주차, 맥모닝, 딜리버리","근암동 일대 횡단보도 바로 앞에 떡하니 있는 버거킹이랑 피 터지는 감자튀김 전쟁과 할인 맞다이를 벌이는 중. 버거킹에서 와퍼 쿠폰 뿌리면 여기서도 질세라 치즈스틱, 감튀 서비스 팍팍 퍼주는 자존심 걸린 출혈 치킨게임 존이다.",버거킹에서 먹고 후식으로 맥플러리 빨면서 버거킹 노려보기가 매성시 중고딩들의 국룰 타격 콤보로 굳건히 자리 잡았다.,"손님들은 두 매장을 왔다 갔다 하며 체리피커 짓을 즐기고, <del>알바생들끼리는 분리수거장에서 마주치면 서로 콧방귀를 뀌며 소속 브랜드의 자존심을 건 유치한 견제구를 날린다.</del>","햄버거 두 브랜드의 자존심 대결이 열혈 격투 애니메이션의 영혼의 라이벌 밈(ex. 나루토 vs 사스케)으로 치환되어, 씹덕들이 양손에 두 브랜드 쇼핑백을 들고 사진을 찍는 관전 포인트로 쓰인다.","광역버스: 1번 / 간선버스: 10번, 13번 / 지선버스: 21번, 22번, 26번 / 마을버스: 101번, 102번",McDonald's Maeseong DT
효빈광역시,서구,사복이마트,[폐점] 일반,2002-07-08,서구 사복동 4 (마트 내 입점),2호선 사복역,폐점 (2017-03-31),079-661-5121,"(당시) 매장 취식, 포장",[폐점] 현 효빈광역시장인 박효빈이 첫 알바를 '워시(세척)' 파트로 고단하게 시작했던 전설적인 데뷔 무대. 마트와의 임대 계약 문제로 눈물을 머금고 2017년에 씁쓸히 폐점하며 스탭 전원이 당선DT로 100% 이주 및 흡수 합병되었다.,"시장님의 빛나는 땀방울과 눈물이 짙게 밴, 이제는 역사 속으로 아련하게 사라진 햄버거 근본 매장이자 알바생들의 고향.","이름이 하필 사복점이라 옷(사복)이나 '사회복지학과' 줄임말 드립이 아주 찰지게 흥했다. 실제로 근처 사복동에 효빈복지대학교가 위치해 있어 사복과 학생들이 엠티 전날 단체로 점거하곤 했던 시끌벅적한 추억의 장소다. 매장이 없어지는 그날까지 의리로 근무했던 알바생들의 전설이 전해지며, 현재 이곳 난민들은 <del>버거킹으로 쓸쓸히 편입되거나</del> 근처 새로 생긴 당선점을 주로 이용한다.","애니 밈 대신 사복동 특유의 대학가 낭만과 '사회복지학과' 동음이의어 드립이 지배적이다. 효빈복지대 사복과 학생들의 단체 회식 점거 성지였으며, 박효빈 시장의 성실했던 워시 크루 시절을 기리는 지역민들의 추억이 서려 있다.","효빈급행버스02번, 효빈급행버스08, 효빈순환버스20, 효빈간선버스24, 효빈간선버스26, 효빈간선버스27, 효빈간선버스33, 효빈지선버스111, 효빈지선버스172, 효빈지선버스129, 효빈지선버스252, 효빈지선버스271, 효빈지선버스292, 효빈지선버스162",McDonald's Sabok E-Mart
